{"losses": [2.302612657546997, 2.302671799659729, 2.302615451812744, 2.3026094102859496, 2.3025617027282714, 2.302668528556824, 2.3026115322113037, 2.302633566856384, 2.302618999481201, 2.3025876474380493, 2.302577395439148, 2.3026773643493654, 2.302500677108765, 2.302725691795349, 2.302515678405762, 2.3025115966796874, 2.3026188373565675, 2.302562656402588, 2.302404909133911, 2.3024330043792727, 2.302336368560791, 2.302071852684021, 2.3019407415390014, 2.3017160940170287, 2.30065345287323, 2.2997332763671876, 2.2973846626281738, 2.2530487728118898, 2.134822754859924, 2.068967790603638, 1.9783764696121215, 1.9475903129577636, 1.9128299355506897, 1.8934315323829651, 1.8740374183654784, 1.8687014484405517, 1.8599216866493224, 1.8525042605400086, 1.84779394865036, 1.8367532324790954, 1.822875063419342, 1.8187547826766968, 1.805407075881958, 1.7980187559127807, 1.7854608869552613, 1.7829299664497376, 1.7732503294944764, 1.7684719395637511, 1.7611129760742188, 1.7498442673683166, 1.7503345012664795, 1.7471484994888307, 1.7354081630706788, 1.740669810771942], "accuracies": [10.0, 14.29, 10.0, 10.0, 10.0, 10.0, 12.68, 14.96, 19.65, 17.76, 21.77, 24.01, 25.29, 26.28, 28.53, 29.3, 30.62, 30.38], "pruned_num_parameters": 73950334, "strategy": [0.0064494306675768834, 0.7881490370759466, 0.38220635755844945, 0.8962589671009528, 0.8521471200888987, 0.8849714923331609, 0.09593599669600872, 0.11072904850036641, 0.8571421333771574, 0.004539067488902826, 0.3975969688505566, 0.4518798477969242, 0.34719088946057164, 0.07505627379580573, 0.5366003887890345], "did_it_train": true}