{"losses": [2.30261474609375, 2.30263512134552, 2.3025900650024416, 2.3026803302764893, 2.302624225616455, 2.302561526298523, 2.3025784635543824, 2.30268527507782, 2.302586679458618, 2.3024924039840697, 2.302673063278198, 2.3027203273773194, 2.3026168060302736, 2.302620906829834, 2.302689027786255, 2.302606716156006, 2.302664723396301, 2.302667889595032, 2.302613868713379, 2.302658042907715, 2.302671751976013, 2.3026513195037843, 2.3026717281341553, 2.3027126502990725, 2.3025702095031737, 2.3026686000823973, 2.302705640792847, 2.302633032798767, 2.302639865875244, 2.302698059082031, 2.302615451812744, 2.302680230140686, 2.3025879526138304, 2.3026287508010865, 2.3026535940170287, 2.3026609420776367, 2.3025441217422484, 2.302649836540222, 2.302711429595947, 2.3026214838027954, 2.3026020336151123, 2.302647519111633, 2.302594614028931, 2.3025312185287476, 2.302720556259155, 2.3025994634628297, 2.3025392293930054, 2.302645010948181, 2.302529525756836, 2.302609224319458, 2.3026377964019775, 2.302460618019104, 2.3025121545791625, 2.302732253074646, 2.3024664545059204, 2.3025751638412477, 2.3025877046585084, 2.302522678375244, 2.3025236463546754, 2.3025344514846804, 2.3024726009368894, 2.3024373483657836, 2.3025458812713624, 2.3024498462677, 2.3024433708190917, 2.302487030029297, 2.302410111427307, 2.3024133968353273, 2.302460160255432, 2.3024081230163573, 2.3023975133895873, 2.302429366111755, 2.302389187812805, 2.3023892211914063, 2.3024035787582395, 2.302395000457764, 2.302379803657532, 2.3023818492889405], "accuracies": [10.0, 10.0, 10.0, 10.0, 10.0, 10.0, 10.0, 10.0, 10.0, 12.99, 10.0, 10.0, 10.0, 10.0, 10.0, 10.0, 10.0, 12.91, 14.07, 12.14, 11.34, 10.87, 10.0, 15.02, 14.88, 15.12], "pruned_num_parameters": 52283172, "strategy": [0.32292568066011146, 0.5609477365000206, 0.6888479335211877, 0.5592780016398298, 0.4017775819332079, 0.6739862326842454, 0.47330434456152337, 0.6391050594607398, 0.8752916657341712, 0.5676220590312635, 0.7846739991717646, 0.36887410738677684, 0.3173632981448336, 0.30789706132413086, 0.8877074120271988], "did_it_train": true}