{"losses": [2.3026090335845946, 2.302728686332703, 2.3026253843307494, 2.3025732469558715, 2.302625913619995, 2.302633080482483, 2.302586917877197, 2.302630271911621, 2.302605128288269, 2.3025510931015014, 2.3025006008148194, 2.3026998090744017, 2.3025425338745116, 2.3025836324691773, 2.302596483230591, 2.3025368213653565, 2.3025659465789796, 2.302593107223511, 2.3024660778045654, 2.3025489044189453, 2.3025111055374143, 2.3023368167877196, 2.3024518871307373, 2.3022950077056885, 2.3019812393188475, 2.30171546459198, 2.3013154745101927, 2.2976165199279786, 2.2762827682495117, 2.1892323970794676, 2.0854105806350707, 2.0326695084571837, 1.962595202922821, 1.9108212471008301, 1.9016051530838012, 1.8918760108947754, 1.869280047416687, 1.8632710146903992, 1.8830596804618835, 1.843015480041504, 1.8462378597259521, 1.812352454662323, 1.7902351355552673, 1.7619294452667236, 1.7408826565742492, 1.7022402858734131, 1.7039673686027528, 1.6751232099533082, 1.6205672693252564, 1.585559334754944, 1.5838543343544007, 1.5377098679542542, 1.5297526073455812, 1.4957837915420533, 1.4539977836608886, 1.397631378173828, 1.3906680870056152, 1.3348226046562195, 1.3004930186271668, 1.2811725950241089, 1.2291589403152465, 1.2055000972747802, 1.2037557744979859, 1.143108913898468, 1.1227641820907592, 1.131661467552185, 1.0797599947452545, 1.0600641131401063, 1.0489537870883943, 1.0246693181991577, 0.9872923636436463, 0.9911663651466369, 0.9566629719734192, 0.9564798676967621, 0.9533671355247497, 0.9167275214195252, 0.9088424134254456, 0.9212496185302734, 0.898421436548233, 0.8828063464164734, 0.8881508243083954, 0.8612998080253601, 0.8672154188156128, 0.8604134047031402, 0.852502647638321, 0.8544381058216095, 0.8303816843032837, 0.8389643037319183, 0.8443922066688537, 0.835422260761261], "accuracies": [10.0, 10.0, 10.0, 10.0, 12.68, 10.0, 10.0, 10.06, 16.54, 18.56, 23.03, 23.03, 25.6, 30.86, 36.37, 38.77, 41.52, 46.21, 48.68, 46.98, 56.64, 57.5, 59.4, 62.95, 67.13, 65.52, 68.28, 69.06, 69.27, 69.21], "pruned_num_parameters": 44973620, "strategy": [0.22419855795148377, 0.07720640350646055, 0.8908752734906588, 0.6038985717705198, 0.29301931447968, 0.7806346514394275, 0.56795384403132, 0.32248964224119764, 0.092863252869732, 0.6026378215012068, 0.4009833083192999, 0.467459238177483, 0.07837254733043901, 0.628861063414214, 0.29440713604198215], "did_it_train": true}