{"losses": [2.3026850271224975, 2.302634425163269, 2.302566204071045, 2.302559895515442, 2.3026276445388794, 2.30260724067688, 2.3025560760498047, 2.302662353515625, 2.3026394414901734, 2.302532606124878, 2.3026852130889894, 2.3026152849197388, 2.302538251876831, 2.3025990867614747, 2.3026399564743043, 2.302522358894348, 2.3024761056900025, 2.302528781890869, 2.302506642341614, 2.3024878978729246, 2.3024543428421023, 2.3022993659973143, 2.3021703338623047, 2.3021230363845824, 2.3015205335617064, 2.300969944000244, 2.299762010574341, 2.2791692352294923, 2.1884422874450684, 2.1203147077560427, 2.011491460800171, 1.9918005919456483, 1.936675033569336, 1.9179623436927795, 1.905275707244873, 1.8781366014480592, 1.8808756113052367, 1.8719116139411927, 1.839483814239502, 1.827999005317688, 1.8305811548233033, 1.8214595341682434, 1.8051686596870422, 1.7965854382514954, 1.7696914768218994, 1.7276790380477904, 1.677739872932434, 1.6786466240882874, 1.6059364914894103, 1.6135128450393676, 1.5767162704467774, 1.5348190665245056, 1.5329899287223816, 1.5099986100196838, 1.489681122303009, 1.4843144130706787, 1.4661000967025757, 1.4679866361618041, 1.4657759523391725, 1.4674642705917358], "accuracies": [11.88, 10.0, 10.0, 10.0, 10.0, 12.94, 10.0, 14.01, 17.01, 20.51, 19.39, 24.07, 27.1, 28.42, 31.24, 35.28, 38.91, 41.86, 42.5, 42.94], "pruned_num_parameters": 66655742, "strategy": [0.8387165494399347, 0.21656039886121334, 0.5386718873348425, 0.4167830718346275, 0.6129092621381079, 0.008037684870087337, 0.41945188183706567, 0.45373320957559427, 0.5019700995045577, 0.7785854918557247, 0.8486206422224104, 0.5875271103373242, 0.09396607223952134, 0.40781724301674677, 0.15821629276604365], "did_it_train": true}