{"losses": [2.302758688926697, 2.3024591159820558, 2.3026138067245485, 2.3024290418624878, 2.3026999187469483, 2.302605595588684, 2.3024918127059935, 2.302572603225708, 2.30249484539032, 2.302447452545166, 2.3023406076431274, 2.302397060394287, 2.302121114730835, 2.302040777206421, 2.3017751502990724, 2.3007379817962645, 2.299563503265381, 2.297207765579224, 2.223451380729675, 2.0993886613845825, 2.0388069438934324, 1.9369682598114013, 1.9075269722938537, 1.8851505517959595, 1.8559502315521241, 1.834094638824463, 1.7964864659309387, 1.7263966917991638, 1.7140652203559876, 1.6914222168922424, 1.686628875732422, 1.6596003723144532, 1.677286307811737], "accuracies": [10.0, 10.0, 10.0, 10.0, 17.04, 15.61, 22.09, 25.77, 30.62, 33.03, 34.05], "pruned_num_parameters": 119835255, "strategy": [0.5806418019620115, 0.06237323167434096, 0.8818024472387238, 0.43190040430922305, 0.587132026647698, 0.07916242337758411, 0.6313355690191848, 0.8790827804147358, 0.4497680419466803, 0.5448872882835879, 0.24156910893903993, 0.18956417503055603, 0.014396250479095351, 0.013629667866172623, 0.1332713528216145], "did_it_train": true}