{"losses": [2.302562732696533, 2.3026555347442628, 2.302699451446533, 2.3026348543167114, 2.302611093521118, 2.3025545358657835, 2.302584319114685, 2.3026346874237063, 2.302651391029358, 2.3025660371780394, 2.302641544342041, 2.302700424194336, 2.3025945091247557, 2.3026480054855347, 2.302658796310425, 2.3025628614425657, 2.302651114463806, 2.302686109542847, 2.3026064014434815, 2.3026996421813966, 2.30261607170105, 2.302535924911499, 2.3026774024963377, 2.3026773166656493, 2.3026098918914797, 2.302650394439697, 2.3026193046569823, 2.3024709939956667, 2.3026990365982054, 2.302579822540283, 2.302535405158997, 2.3026774978637694, 2.302569088935852, 2.302557315826416, 2.302605290412903, 2.3024906063079835, 2.3025129079818725, 2.30248291015625, 2.3025156927108763, 2.302387685775757, 2.302422814369202, 2.302476291656494, 2.3023011922836303, 2.3023409271240234, 2.302354292869568, 2.30214560508728, 2.3021861696243286, 2.302156186103821, 2.301802854537964, 2.301768569946289, 2.3016158390045165, 2.30098961353302, 2.300912308692932, 2.300531497001648, 2.298989338874817, 2.2977710866928103, 2.29581636428833, 2.2867578125, 2.276086711883545, 2.2593171119689943, 2.187666802406311, 2.127136616706848, 2.08302033662796, 2.0257772636413574, 2.0064111042022703, 1.9926829528808594, 1.9359684801101684, 1.9181927037239075, 1.8820767903327942, 1.8305842423439025, 1.810484311580658, 1.7687324452400208, 1.748436119556427, 1.7212575340270997, 1.7154313611984253, 1.6954716992378236, 1.6892585349082947, 1.6921590161323548, 1.676584210395813, 1.6945901536941528, 1.6776094937324524], "accuracies": [10.0, 10.0, 10.0, 14.74, 10.0, 10.0, 10.0, 10.0, 10.0, 10.0, 13.4, 10.06, 11.88, 12.64, 10.0, 12.76, 13.62, 15.5, 16.01, 19.15, 20.02, 25.32, 29.37, 30.89, 32.17, 32.49, 32.63], "pruned_num_parameters": 49947338, "strategy": [0.6194765402050686, 0.23458329433614009, 0.4151458469710342, 0.8734475991929948, 0.763230170502319, 0.8098718461487932, 0.2429063763187106, 0.7807972186697804, 0.7213715975315556, 0.06745635715899885, 0.5128512347326326, 0.5289552915111074, 0.2474687908815043, 0.46392974188174346, 0.4533113143780354], "did_it_train": true}