{"losses": [2.3025805044174192, 2.302688412666321, 2.3025750207901, 2.302658824920654, 2.3025594091415407, 2.302607135772705, 2.3025833415985106, 2.3026794672012327, 2.302621450424194, 2.30256742477417, 2.302542872428894, 2.302760648727417, 2.3026131105422976, 2.302679672241211, 2.3026493120193483, 2.302573809623718, 2.3026543760299685, 2.302622833251953, 2.302589192390442, 2.3026639461517333, 2.3026396369934083, 2.302608165740967, 2.3025995922088622, 2.3026064348220827, 2.3025709533691407, 2.3027489089965822, 2.3026567268371583, 2.302557010650635, 2.3027444553375243, 2.3026854276657103, 2.3025941705703734, 2.3026327228546144, 2.3027279663085936, 2.3026576328277586, 2.302619071006775, 2.3027439880371094, 2.302562127113342, 2.3026716470718385, 2.3027386045455933, 2.3026204538345336, 2.3027054500579833, 2.3026941919326784, 2.302595548629761, 2.3026676607131957, 2.302667651176453, 2.302580003738403, 2.302699098587036, 2.3026850032806396, 2.302647671699524, 2.3026458740234377, 2.3026951694488527, 2.3026017713546754, 2.302613606452942, 2.3027470541000366, 2.3025969076156616, 2.30265664100647, 2.3027524280548097, 2.3025689220428465, 2.3026570320129394, 2.3026992082595825, 2.30264132976532, 2.302613224983215, 2.3026540088653564, 2.302605986595154, 2.302596340179443, 2.3026990604400637, 2.3026499938964844, 2.3026293182373045, 2.3026224613189696, 2.302584161758423, 2.3025887060165404, 2.3026984834671023, 2.302579984664917, 2.3026304388046266, 2.3026635026931763, 2.3025532722473145, 2.3026169443130495, 2.3026343822479247, 2.302547588348389, 2.3026437091827394, 2.3026611328125, 2.302535824775696, 2.302646198272705, 2.302596411705017, 2.302554306983948, 2.302576584815979, 2.302563328742981, 2.3024402332305907, 2.3026401376724244, 2.3025730276107788, 2.302547421455383, 2.3025190448760986, 2.302568941116333, 2.3024502325057985, 2.3025147771835326, 2.3025636100769042, 2.302466645240784, 2.302475972175598, 2.3024818515777588, 2.3024356079101564, 2.3025044584274292, 2.302483263015747, 2.3024402189254762, 2.3024504375457764, 2.3024330139160156, 2.3024037313461303, 2.3024241161346435, 2.302431750297546, 2.302388758659363, 2.3023976993560793, 2.302405819892883, 2.3023735952377318, 2.3023809146881105, 2.30239408493042, 2.3023703908920288, 2.302379322052002, 2.3023698997497557, 2.302365436553955, 2.30235915184021, 2.3023726081848146, 2.3023601579666138, 2.3023769187927248, 2.3023644208908083], "accuracies": [10.0, 10.0, 10.0, 10.0, 13.31, 10.0, 10.0, 10.0, 10.0, 10.0, 12.57, 10.0, 10.0, 10.0, 10.0, 10.0, 10.0, 10.0, 10.0, 10.0, 10.0, 10.0, 12.39, 14.26, 12.8, 10.0, 11.22, 10.0, 10.0, 10.0, 15.1, 13.29, 10.59, 10.31, 14.97, 15.58, 15.81, 14.07, 15.66, 17.12, 17.31], "pruned_num_parameters": 32591543, "strategy": [0.8733682224711465, 0.583524339124039, 0.5719622689251174, 0.4751617275864652, 0.601753361286546, 0.4521549149129962, 0.7836498476642122, 0.8717924778340567, 0.7643548011959203, 0.7699635232053392, 0.5602548657460478, 0.8274240551756498, 0.6297996695567685, 0.3191859804532799, 0.519284282631119], "did_it_train": true}