{"losses": [2.3025501537323, 2.302597107887268, 2.302632942199707, 2.3024213790893553, 2.3024713373184205, 2.302372860908508, 2.3020085191726682, 2.3018234729766847, 2.301431713104248, 2.294476089477539, 2.2584265518188475, 2.1964014911651613, 2.091681499481201, 2.0299323081970213, 1.9761785197257995, 1.8511042451858521, 1.9497761201858521, 1.8423423051834107, 1.7139691019058227, 1.6961860632896424, 1.6438399052619934, 1.5600111699104309, 1.5496126532554626, 1.4859328508377074, 1.4344742727279662, 1.379305181503296, 1.3525747203826903, 1.2748563551902772, 1.2806159448623657, 1.2168179202079772, 1.178636713027954, 1.1659263861179352, 1.112236361503601, 1.0734056866168975, 1.0304030311107635, 1.0544953227043152, 0.9775640320777893, 0.9662543296813965, 0.9495900797843934, 0.9043199145793914, 0.8852031970024109, 0.8690470540523529, 0.8080777072906494, 0.8183981037139892, 0.8048517024517059, 0.7560491120815277, 0.7562544226646424, 0.7365340781211853, 0.7065207433700561, 0.6856892812252045, 0.7093253064155579, 0.6530327332019806, 0.6382790994644165, 0.6411075687408447, 0.6116589194536209, 0.6110365980863571, 0.6228257632255554, 0.5835982233285903, 0.5768435621261596, 0.5723313891887665, 0.5593045824766159, 0.5408276277780533, 0.5486578804254532, 0.5125152540206909, 0.5236875259876251, 0.5270526283979415, 0.5002827769517899, 0.5060707926750183, 0.5142450511455536, 0.49054606854915617, 0.5036538690328598, 0.4818111449480057], "accuracies": [10.0, 10.6, 11.59, 23.19, 31.42, 33.1, 43.64, 48.88, 51.19, 56.0, 62.63, 60.86, 67.68, 70.26, 72.59, 71.78, 76.22, 76.22, 77.41, 78.6, 79.28, 79.76, 80.22, 80.3], "pruned_num_parameters": 56354582, "strategy": [0.017193980767655315, 0.5026009730327398, 0.7982468784063342, 0.2280705299475173, 0.08193683619167791, 0.3253083439124157, 0.7907369729673329, 0.10439290702552753, 0.1947582142899613, 0.11612301659101341, 0.03067249286427829, 0.005605165064478335, 0.23434272733030845, 0.5073676829908937, 0.1358561579701749], "did_it_train": true}