{"losses": [2.3026689386367796, 2.302600688934326, 2.302652106285095, 2.3025473451614378, 2.302579712867737, 2.302652606964111, 2.3025887870788573, 2.3026675939559937, 2.3026206064224244, 2.302562618255615, 2.302620530128479, 2.302652497291565, 2.3026242446899414, 2.302620358467102, 2.302636394500732, 2.3025443506240846, 2.302674446105957, 2.3026038122177126, 2.3026147937774657, 2.3026219701766966, 2.302630515098572, 2.302512092590332, 2.3026216173172, 2.3026176929473876, 2.302473130226135, 2.3026123046875, 2.3025741147994996, 2.3024254846572876, 2.3025544261932374, 2.302505292892456, 2.3023128747940063, 2.3022933053970336, 2.3023766469955445, 2.301951804161072, 2.3018965673446656, 2.301958146095276, 2.301256513595581, 2.300871591567993, 2.300166702270508, 2.296572136878967, 2.289041051864624, 2.2347685527801513, 2.037319495677948, 1.9831856060028077, 1.9592180061340332, 1.9305310797691346, 1.8840642762184143, 1.902078857421875, 1.8726780009269715, 1.8578155279159545, 1.865264163017273, 1.8445514273643493, 1.8340660285949708, 1.822596275806427, 1.772140336036682, 1.774443998336792, 1.75376567363739, 1.7027992177009583, 1.7098256182670593, 1.6718628692626953, 1.6520817923545836, 1.6365335941314698, 1.617255847454071, 1.5914639854431152, 1.5534453916549682, 1.5411010527610778, 1.4979631662368775, 1.4722570276260376, 1.4644699382781983, 1.4010535216331481, 1.389522087574005, 1.3762343192100526, 1.3454510617256163, 1.2896939659118651, 1.2821111130714415, 1.230289787054062, 1.2237886571884156, 1.2081784987449646, 1.169710156917572, 1.1316702091693878, 1.135694408416748, 1.0843163132667542, 1.092187557220459, 1.0799103689193725, 1.039646954536438, 1.040854390859604, 1.0245326197147369, 1.0027943742275238, 0.9813281536102295, 0.9884049892425537, 0.9696776378154754, 0.9541199314594269, 0.9686214005947114, 0.9374371778964996, 0.9521625053882599, 0.9285286247730256, 0.9368433797359467, 0.9139442825317383, 0.9166928303241729, 0.9121206474304199, 0.9142173039913177, 0.9159609580039978], "accuracies": [10.0, 10.0, 10.0, 10.0, 9.99, 12.59, 10.0, 10.0, 10.0, 9.98, 13.62, 11.81, 15.61, 13.47, 24.44, 24.54, 26.58, 30.59, 28.3, 37.6, 40.31, 38.98, 45.78, 42.9, 51.58, 57.48, 57.47, 61.44, 62.88, 63.8, 64.29, 65.06, 65.62, 65.56], "pruned_num_parameters": 39630627, "strategy": [0.004484423253075987, 0.6384807989537896, 0.3093438735716593, 0.6878827960281846, 0.7345637676122294, 0.6038035394973214, 0.706555397248733, 0.8705386257089612, 0.5606217315738428, 0.6535468400381355, 0.25273033000274475, 0.32085034739307566, 0.7155149631045895, 0.12412274125404305, 0.25821728012430406], "did_it_train": true}