{"losses": [2.3024172401428222, 2.3027706956863403, 2.3026773262023927, 2.3026353216171263, 2.3026500511169434, 2.3025661087036133, 2.3025741672515867, 2.3025832414627074, 2.3026508617401125, 2.3025643682479857, 2.3026299619674684, 2.3025974559783937, 2.302562642097473, 2.3024768686294554, 2.3027696228027343, 2.3026017141342163, 2.302627515792847, 2.302628197669983, 2.3025226640701293, 2.3025634193420412, 2.302650184631348, 2.3024716854095457, 2.302562785148621, 2.302435669898987, 2.3023651361465456, 2.3024383115768434, 2.302459020614624, 2.302193856239319, 2.3022659111022947, 2.3021026182174684, 2.3018125343322753, 2.3015966796875, 2.3014215230941772, 2.300182971954346, 2.2987973165512083, 2.295826859474182, 2.2205444288253786, 2.127679634094238, 2.063942406177521, 1.971991913318634, 1.9300476026535034, 1.9251162505149841, 1.8537024283409118, 1.8342718648910523, 1.8179225683212281, 1.770514931678772, 1.7695943856239318, 1.7452743458747864, 1.7130906105041503, 1.7021458435058594, 1.6960534024238587, 1.657836492061615, 1.6489280247688294, 1.6235068345069885, 1.5940742540359496, 1.5841475415229798, 1.5617119932174683, 1.5398684787750243, 1.5141177201271057, 1.5006224536895751, 1.4803593134880066, 1.4650465416908265, 1.4484858632087707, 1.4359811115264893, 1.4125003623962402, 1.4098487281799317, 1.39388423204422, 1.3880466985702515, 1.391569094657898, 1.359835295677185, 1.361423568725586, 1.3715426301956177], "accuracies": [10.0, 10.0, 10.0, 10.0, 10.0, 10.0, 10.0, 12.67, 10.0, 11.32, 17.62, 17.16, 22.28, 25.3, 28.22, 28.83, 33.42, 37.8, 40.77, 44.05, 46.05, 46.95, 47.91, 48.55], "pruned_num_parameters": 56862323, "strategy": [0.7482245707144367, 0.8989694404172305, 0.4512755849881709, 0.3068119390231867, 0.27121111876018006, 0.4601396511627591, 0.43766113868528067, 0.1546687056667773, 0.08309164705121529, 0.6053551650061918, 0.7541178465150276, 0.6538195308402188, 0.43623241021382786, 0.24480778045445054, 0.34700033503987726], "did_it_train": true}