{"losses": [2.302631106376648, 2.3026482915878295, 2.302513585090637, 2.302533020973206, 2.302560558319092, 2.302704153060913, 2.3025347566604615, 2.3025038862228393, 2.302543296813965, 2.3024858713150023, 2.302474365234375, 2.302534022331238, 2.3023167133331297, 2.302358932495117, 2.3023799991607667, 2.3019861507415773, 2.3015785789489747, 2.3013076305389406, 2.2923368883132933, 2.2249203538894653, 2.1493487310409547, 2.05979795217514, 2.023351855278015, 1.960504105091095, 1.9086432290077209, 1.8935496306419373, 1.8735652446746827, 1.8581340432167053, 1.8697069811820983, 1.8324086260795593, 1.7977811813354492, 1.7781340718269347, 1.7557357501983644, 1.7357478523254395, 1.6672900795936585, 1.6427530717849732, 1.5957699489593506, 1.5677442932128907, 1.525580415725708, 1.4894525170326234, 1.4563813233375549, 1.469706175327301, 1.4052292132377624, 1.4112455368041992, 1.3829883527755737, 1.3290016222000123, 1.3049070310592652, 1.3060934090614318, 1.2324341225624085, 1.1958905720710755, 1.1775673270225524, 1.0911807894706727, 1.1203598666191101, 1.0758596980571746, 1.0101819026470185, 0.9682616794109344, 0.9720557594299316, 0.9205392515659332, 0.900788186788559, 0.8863591623306274, 0.8543184673786164, 0.8308823823928833, 0.8280789864063263, 0.7788924312591553, 0.7798828995227813, 0.7576514995098114, 0.7343612372875213, 0.7268213105201721, 0.7206571888923645, 0.7085276484489441, 0.6762171709537506, 0.7069374144077301, 0.6566530191898345, 0.6748895859718322, 0.6673354005813599, 0.6485408031940461, 0.6203777998685837, 0.6286419880390167, 0.607667762041092, 0.6406540775299072, 0.609777655005455, 0.5871182477474213, 0.6070540344715118, 0.6044804978370667, 0.5821579897403717, 0.5867383247613907, 0.5996934300661088], "accuracies": [10.0, 10.0, 10.0, 15.19, 14.2, 15.6, 19.75, 23.12, 24.72, 28.68, 35.22, 39.29, 38.53, 32.37, 50.01, 50.1, 59.95, 63.68, 66.08, 67.84, 70.95, 72.76, 72.94, 75.13, 76.78, 76.53, 77.75, 77.83, 78.08], "pruned_num_parameters": 45749086, "strategy": [0.05499244220164525, 0.36004009207086735, 0.4649255833814526, 0.6462927084745554, 0.33055334089192057, 0.3389966645299356, 0.644599534136858, 0.5956876415642839, 0.01843250936074613, 0.8492451799844676, 0.41217518625636074, 0.39370275445379455, 0.0603812141482804, 0.626973190889302, 0.1526961588912545], "did_it_train": true}