{"losses": [2.3027366685867308, 2.302540130615234, 2.3026113176345824, 2.302659010887146, 2.302580165863037, 2.3026032781600954, 2.302618899345398, 2.3025514602661135, 2.3025860261917113, 2.3025702619552613, 2.3025671577453615, 2.302633509635925, 2.302527303695679, 2.302554807662964, 2.3025444889068605, 2.302360649108887, 2.302418007850647, 2.3023752641677855, 2.302069969177246, 2.302008657455444, 2.3016262578964235, 2.2997754764556886, 2.2962825202941897, 2.261389484405518, 2.1139974641799926, 2.060352840423584, 2.0098804306983946, 1.9428780603408813, 1.9133533811569214, 1.921771695613861, 1.8806676387786865, 1.883575541973114, 1.8634139561653138, 1.8604374933242798, 1.845507996082306, 1.8034028935432433, 1.764406533241272, 1.7680122756958008, 1.7549946308135986, 1.717620244026184, 1.6746019101142884, 1.6580048942565917, 1.6338076138496398, 1.6210137939453124, 1.5809308457374573, 1.553520965576172, 1.5411437582969665, 1.5260506916046142, 1.4808836007118225, 1.4599893164634705, 1.4391149353981019, 1.390139400959015, 1.3810516834259032, 1.356346502304077, 1.3179654908180236, 1.2857141375541687, 1.273370988368988, 1.2355985832214356, 1.2005205750465393, 1.207068681716919, 1.1630712699890138, 1.1498321735858916, 1.1217230486869811, 1.1070380771160127, 1.0846033680438996, 1.0858262145519257, 1.0628491532802582, 1.0447072529792785, 1.0660717058181763, 1.050589771270752, 1.0537291872501373, 1.0398181641101838], "accuracies": [10.0, 10.0, 10.0, 12.46, 13.93, 13.43, 17.23, 18.38, 22.04, 23.63, 26.31, 29.1, 32.3, 37.06, 37.56, 42.25, 42.32, 48.3, 54.06, 54.37, 57.59, 59.68, 60.02, 60.43], "pruned_num_parameters": 55780721, "strategy": [0.08033729213143387, 0.7023965724318041, 0.29430285706525583, 0.18689191051831808, 0.8667858597200399, 0.08871602626143979, 0.6450066137430143, 0.8710371388054419, 0.646718961006184, 0.0032870674818092915, 0.7065076878986096, 0.5897625905967484, 0.13151943956319645, 0.4829721283124913, 0.26796997944873957], "did_it_train": true}