{"losses": [2.3026452255249024, 2.302615637779236, 2.3025634622573854, 2.3026000547409056, 2.302627534866333, 2.3025343894958494, 2.3025523042678833, 2.3025144863128664, 2.302646069526672, 2.3025428009033204, 2.3024958181381225, 2.302553677558899, 2.3024335527420043, 2.3023560285568236, 2.3024712133407594, 2.302195496559143, 2.3022931146621706, 2.3020486640930176, 2.3013187217712403, 2.3006490230560304, 2.298531379699707, 2.221837387084961, 2.162328701019287, 2.1166205739974977, 2.0424988675117492, 1.9844986987113953, 1.9794321846961975, 1.8930904412269591, 1.8990021228790284, 1.8832295393943788, 1.8665806484222411, 1.8523842597007751, 1.8177308750152588, 1.7753347277641296, 1.7368289470672607, 1.7343316316604613, 1.7027855229377746, 1.6527189469337464, 1.6273782563209533, 1.5837325954437256, 1.5536301445960998, 1.566945219039917, 1.5109063410758972, 1.4665766525268555, 1.4492858958244323, 1.4017919278144837, 1.3818644762039185, 1.3656222581863404, 1.3156600213050842, 1.2991251397132872, 1.2697841715812683, 1.2305950498580933, 1.2007139348983764, 1.1423309230804444, 1.1116215312480926, 1.0727231013774872, 1.059545451402664, 1.02439901471138, 0.9938152086734772, 0.9762952399253845, 0.922152248620987, 0.9058534967899322, 0.8911186599731445, 0.8547665405273438, 0.8376019656658172, 0.8339418268203735, 0.7910806453227996, 0.7853485548496246, 0.7755582547187805, 0.7403016054630279, 0.7416620028018951, 0.7275577735900879, 0.7069066536426544, 0.694278621673584, 0.6878320819139481, 0.6740782022476196, 0.6633284652233123, 0.6710621571540832, 0.645802172422409, 0.6342560195922852, 0.6423777902126312, 0.6171328401565552, 0.6327374601364135, 0.6295844566822052, 0.618139978647232, 0.6093509387969971, 0.5991259288787841], "accuracies": [10.0, 10.0, 10.09, 10.0, 10.0, 10.0, 12.56, 20.6, 23.14, 25.72, 27.82, 32.95, 35.68, 41.36, 46.75, 51.42, 55.45, 57.75, 58.83, 66.28, 68.87, 69.66, 70.98, 73.33, 74.69, 75.97, 75.92, 76.35, 76.96], "pruned_num_parameters": 46442440, "strategy": [0.564744169941284, 0.5122043343307373, 0.2478871725641938, 0.07956112108114276, 0.48624853648464655, 0.34264340775580465, 0.24853029888742748, 0.6660677817873768, 0.4424773777729627, 0.8966550949315535, 0.5983762531213808, 0.5525676613722958, 0.5459648233918383, 0.21956296134908418, 0.4326740230316191], "did_it_train": true}