{"losses": [2.302663221359253, 2.3027043390274047, 2.302589874267578, 2.302631449699402, 2.3026292610168455, 2.3026233768463134, 2.302617197036743, 2.3025493526458742, 2.3026388549804686, 2.3025906229019166, 2.302608232498169, 2.302685146331787, 2.302577919960022, 2.30267915725708, 2.302660889625549, 2.3025896406173705, 2.3026717615127565, 2.302696032524109, 2.3025955963134765, 2.3026626396179197, 2.302656960487366, 2.3025933647155763, 2.3026764822006225, 2.3026664733886717, 2.3025876808166506, 2.3026903009414674, 2.302781553268433, 2.302460298538208, 2.3028281116485596, 2.3027036428451537, 2.302655005455017, 2.3026824522018434, 2.3027140712738037, 2.302634344100952, 2.302628421783447, 2.3027554655075075, 2.302633981704712, 2.3025705003738404, 2.3028176069259643, 2.302583622932434, 2.302743239402771, 2.3026535415649416, 2.302659063339233, 2.30270140171051, 2.3026691675186157, 2.302657380104065, 2.302678122520447, 2.3026905918121336, 2.3026231861114503, 2.3026809692382812, 2.302631778717041, 2.3026361322402953, 2.3027016878128053, 2.302666344642639, 2.302572808265686, 2.3027002668380736, 2.302654514312744, 2.302586531639099, 2.302606472969055, 2.3027633571624757, 2.3026270914077758, 2.3026438426971434, 2.3026522254943846, 2.3026063871383666, 2.3025865888595582, 2.3026953077316286, 2.302582650184631, 2.3025558042526244, 2.302777714729309, 2.3026237058639527, 2.3026290225982664, 2.302629203796387, 2.302610673904419, 2.302680449485779, 2.302659912109375, 2.302593083381653, 2.3025567007064818, 2.302739496231079, 2.3026238584518435, 2.302555260658264, 2.302678027153015, 2.302552299499512, 2.302663640975952, 2.30266366481781, 2.3025760364532473, 2.302690210342407, 2.302614188194275, 2.302608036994934, 2.3026012229919433, 2.3026563787460326, 2.3026123905181883, 2.3025757694244384, 2.302611494064331, 2.3025994634628297, 2.3026047801971434, 2.302645378112793, 2.3025816440582276, 2.302601261138916, 2.3025983476638796, 2.302579197883606, 2.302599425315857, 2.302593412399292, 2.3025728178024294, 2.302584981918335, 2.302589135169983, 2.302575640678406, 2.3025690603256224, 2.3025909566879275, 2.3025645780563355, 2.30258572101593, 2.3025754165649412, 2.302570858001709, 2.3025663805007937, 2.302575397491455, 2.302564191818237, 2.302567982673645, 2.3025758171081545], "accuracies": [10.0, 10.0, 10.0, 10.0, 10.0, 10.0, 10.0, 10.0, 10.0, 10.0, 10.0, 10.0, 10.0, 10.0, 10.0, 10.0, 10.0, 10.0, 10.0, 10.0, 10.0, 10.0, 10.0, 10.0, 10.0, 10.0, 10.0, 10.0, 10.0, 10.0, 10.0, 10.0, 10.0, 10.0, 10.0, 10.0, 10.0, 10.0, 10.0], "pruned_num_parameters": 34390315, "strategy": [0.8392485326707453, 0.32485680508019504, 0.49615133434771286, 0.7142063819396072, 0.751110581331043, 0.8903381404300628, 0.6077679243979792, 0.8663140568935281, 0.4960287038043212, 0.8815171453948758, 0.6851191819162742, 0.7904345753337335, 0.42075739567210657, 0.5039015355706881, 0.5444762876962644], "did_it_train": true}