{"losses": [2.3027148389816285, 2.3026956129074097, 2.302560901641846, 2.302567095756531, 2.3027154445648192, 2.302524528503418, 2.302556538581848, 2.3025801277160642, 2.30261860370636, 2.302521810531616, 2.302633295059204, 2.302622871398926, 2.302546491622925, 2.302567663192749, 2.30260516166687, 2.3025199031829833, 2.302490634918213, 2.3025534200668334, 2.3024019813537597, 2.30251030921936, 2.3024167680740355, 2.3023613357543944, 2.3022659540176393, 2.3021578693389895, 2.301855206489563, 2.3015799427032473, 2.3013659143447875, 2.299227042198181, 2.2958730697631835, 2.27560622215271, 2.1408512592315674, 2.115153558254242, 2.074881527423859, 2.012562401294708, 2.00027809381485, 1.9345702743530273, 1.895851149559021, 1.8785547924041748, 1.8617221665382386, 1.8102872848510743, 1.789564049243927, 1.720326759815216, 1.6753662371635436, 1.6914092445373534, 1.6406376719474793, 1.6029892182350158, 1.5949119067192077, 1.5603876185417176, 1.5287763094902038, 1.4977650904655457, 1.4647183084487916, 1.4261563444137573, 1.3920516324043275, 1.3478638172149657, 1.2787603068351745, 1.301721649169922, 1.2546863126754761, 1.222471318244934, 1.19345388174057, 1.1454611611366272, 1.13394562125206, 1.107174153327942, 1.127578730583191, 1.077149019241333, 1.070517634153366, 1.043566679954529, 1.000526043176651, 1.0004483771324157, 1.0125730228424072, 0.9585085201263428, 0.9388191187381745, 0.942283923625946, 0.9007441401481628, 0.9054785358905793, 0.9013865315914154, 0.8687292456626892, 0.870332350730896, 0.8419075191020966, 0.806240142583847, 0.8287018644809723, 0.827975879907608, 0.7879867327213287, 0.7836564958095551, 0.7854755103588105, 0.7666063797473908, 0.7705552995204925, 0.7567103719711303, 0.7299729180335999, 0.7373061323165894, 0.7282530891895295, 0.6988901376724244, 0.7063044166564941, 0.7086567115783692, 0.6833497911691666, 0.6774195337295532, 0.688044799566269, 0.6709540605545044, 0.6687185430526733, 0.6733849930763245, 0.6505934369564056, 0.6589385652542115, 0.6521824967861175, 0.6560009264945984, 0.6426769196987152, 0.6367039304971694], "accuracies": [13.44, 10.0, 10.0, 10.0, 10.0, 10.0, 10.0, 14.56, 16.7, 15.39, 24.46, 17.39, 31.74, 32.88, 36.11, 40.46, 39.47, 52.52, 55.01, 55.52, 60.47, 57.71, 64.62, 66.06, 70.0, 70.91, 70.14, 72.26, 72.51, 74.41, 75.18, 75.34, 75.87, 76.29, 76.4], "pruned_num_parameters": 38727227, "strategy": [0.2659647672740293, 0.8316897426194885, 0.6185216562763052, 0.8810311797207732, 0.048183614586598325, 0.6192332914028629, 0.15978926780843497, 0.096187292013915, 0.33851118900473, 0.8384506681642117, 0.18971170948138247, 0.43599384898301885, 0.49256627912981243, 0.4813918273521643, 0.24699045904331815], "did_it_train": true}