{"losses": [2.3026376390457153, 2.302626438140869, 2.302615442276001, 2.3025592756271362, 2.3026181745529173, 2.3025993061065675, 2.30258376121521, 2.302570686340332, 2.3026406955718994, 2.302614107131958, 2.3025664377212522, 2.302638750076294, 2.3026011610031127, 2.302593846321106, 2.302685537338257, 2.3025261545181275, 2.3027643823623656, 2.3026253318786623, 2.3025624418258666, 2.3026713609695433, 2.302641816139221, 2.3025514888763428, 2.30261785030365, 2.3027037048339842, 2.302593674659729, 2.302635221481323, 2.3026174211502077, 2.302611680030823, 2.3026129961013795, 2.302616958618164, 2.3025478458404542, 2.302651481628418, 2.3026141262054445, 2.302568488121033, 2.3026182508468627, 2.3025835657119753, 2.3025441551208496, 2.3024720048904417, 2.302625641822815, 2.302539167404175, 2.3025025129318237, 2.302545781135559, 2.3024124097824097, 2.3024922227859497, 2.302455687522888, 2.302282271385193, 2.3023652267456054, 2.30236093044281, 2.3021724224090576, 2.302188014984131, 2.302100491523743, 2.3017350149154665, 2.3017749977111817, 2.3014774227142336, 2.3007170295715333, 2.300136933326721, 2.2993613958358763, 2.2948031187057496, 2.2776391172409056, 2.2235381031036376, 2.1652173614501953, 2.103297595977783, 2.069832134246826, 2.005837163925171, 1.9788279223442078, 1.9531193447113038, 1.901667022705078, 1.8857623481750487, 1.8591330456733703, 1.80278400182724, 1.7857709980010987, 1.76143043756485, 1.6932677817344666, 1.6831012654304505, 1.6912691497802734, 1.6255810451507569, 1.595963318347931, 1.5811039519309997, 1.545189025402069, 1.5415778493881225, 1.5162798857688904, 1.4652470088005065, 1.4712953758239746, 1.4318622040748596, 1.4023811650276183, 1.3835531163215637, 1.3628421664237975, 1.3451729369163514, 1.309923632144928, 1.3016297602653504, 1.290642912387848, 1.2545246767997742, 1.2430995583534241, 1.2033466148376464, 1.2044682359695436, 1.1888460969924928, 1.157665569782257, 1.1546042704582213, 1.1566752791404724, 1.1071415841579437, 1.1157492041587829, 1.1063920032978058, 1.084151486158371, 1.0848880290985108, 1.062044563293457, 1.0462133288383484, 1.0662763547897338, 1.0461751782894135, 1.0363701117038726, 1.0288467729091644, 1.0237106001377105, 1.0297308778762817, 1.0060015785694123, 1.0067666804790496, 1.0028591763973236, 1.0118758702278137, 1.0025870239734649, 0.9943975746631623, 1.0034548914432526, 0.9843898344039917], "accuracies": [10.0, 10.0, 10.0, 10.0, 10.0, 10.0, 10.0, 10.0, 10.0, 10.0, 10.01, 10.0, 10.0, 10.0, 10.06, 10.0, 13.34, 13.61, 14.04, 20.48, 23.1, 23.44, 27.28, 34.87, 39.43, 41.86, 45.28, 48.21, 48.9, 52.98, 54.53, 56.64, 57.88, 60.91, 62.69, 62.75, 63.64, 63.54, 64.22, 64.25], "pruned_num_parameters": 33396234, "strategy": [0.11606995425043408, 0.871852512121904, 0.8869047973768072, 0.5198269118669295, 0.8658242289206978, 0.44540861846057656, 0.1620134712911964, 0.33314010827829554, 0.2216900813733001, 0.810828376463478, 0.875360255336683, 0.16103418285537216, 0.7182751341937306, 0.15818948353769316, 0.6032989193115585], "did_it_train": true}