{"losses": [2.302555809020996, 2.302671122550964, 2.302591462135315, 2.3025555419921875, 2.302467555999756, 2.302768726348877, 2.302569770812988, 2.302578511238098, 2.3025197982788086, 2.3024910926818847, 2.3025470209121703, 2.302544870376587, 2.3024148893356324, 2.302515835762024, 2.302480254173279, 2.3023359680175783, 2.302291488647461, 2.3022356176376344, 2.3018771982192994, 2.3015435886383058, 2.30086217880249, 2.275759301185608, 2.198799047470093, 2.13530686378479, 2.023942081928253, 1.9554429507255555, 1.9315263795852662, 1.8686332750320434, 1.8397019720077514, 1.833511438369751, 1.846456353664398, 1.7471256422996522, 1.7131068706512451, 1.6853880882263184, 1.646908586025238, 1.7347461915016174, 1.6741039514541627, 1.591208963394165, 1.5458434677124024, 1.4879834842681885, 1.4478249478340148, 1.4441427159309388, 1.3382659912109376, 1.320996685028076, 1.301976079940796, 1.2298891162872314, 1.2144524955749512, 1.1736186408996583, 1.1348788666725158, 1.07733647108078, 1.0590609693527222, 1.0247637736797333, 0.9918511927127838, 0.9640409564971923, 0.9357559692859649, 0.9096738612651825, 0.8871087062358857, 0.8566919100284577, 0.842917127609253, 0.8236545526981354, 0.7866931521892547, 0.7867767214775085, 0.7836036694049835, 0.7626993060112, 0.7501296830177308, 0.7376286733150482, 0.7153790318965911, 0.697761093378067, 0.7025132715702057, 0.6881780898571015, 0.683232753276825, 0.6976918935775757, 0.6700622069835663, 0.6694304549694061, 0.6623363626003266], "accuracies": [10.0, 10.01, 10.0, 10.52, 10.0, 11.84, 11.27, 22.23, 26.05, 32.99, 36.43, 28.58, 43.64, 49.56, 47.22, 53.22, 62.87, 62.54, 68.08, 68.87, 71.55, 73.41, 74.06, 74.78, 75.04], "pruned_num_parameters": 54142600, "strategy": [0.08342839053162503, 0.5306873020384748, 0.3793904237530561, 0.24399296723520494, 0.18268404444816372, 0.2392217965986303, 0.34593531164174324, 0.5333031801017002, 0.7229484314853953, 0.7083081158569026, 0.2536197114043443, 0.3350224385783546, 0.054692731201815385, 0.5303381700136923, 0.5532984260678875], "did_it_train": true}