{"losses": [2.302528395652771, 2.3026228666305544, 2.3026702880859373, 2.302629609107971, 2.3026830673217775, 2.3026484203338624, 2.302600703239441, 2.3026936292648315, 2.3027492475509646, 2.3025629043579103, 2.302626271247864, 2.3027628231048585, 2.3026100158691407, 2.3026715660095216, 2.3027159643173216, 2.3025827169418336, 2.302702293395996, 2.302772169113159, 2.3026726722717283, 2.3026759672164916, 2.3026567268371583, 2.302585940361023, 2.3026994466781616, 2.302730469703674, 2.3025947523117067, 2.302659063339233, 2.3026793956756593, 2.302570776939392, 2.3025892877578737, 2.3027024984359743, 2.3025863695144655, 2.3025886678695677, 2.302660698890686, 2.3025566864013673, 2.302605776786804, 2.3026037788391114, 2.302551856040955, 2.3025809478759767, 2.302574896812439], "accuracies": [10.0, 10.0, 10.0, 10.0, 10.0, 10.0, 10.0, 10.0, 10.0, 10.0, 10.0, 10.0, 10.0], "pruned_num_parameters": 104531893, "strategy": [0.10173054494483205, 0.7225001849845489, 0.8549762437106212, 0.846979674658802, 0.8219060676082323, 0.3884167172650574, 0.3482549290965638, 0.3802083444997729, 0.7163970816345792, 0.8583294535972982, 0.8786143160185167, 0.878461459540254, 0.002557404469157032, 0.1248730755473534, 0.11139175973561635], "did_it_train": true}