{"losses": [2.3025095462799072, 2.302631149291992, 2.302564306259155, 2.3026115608215334, 2.302525291442871, 2.3026562261581422, 2.302560863494873, 2.3025861883163454, 2.3025648021697998, 2.3025598192214964, 2.302563118934631, 2.3025405693054197, 2.3025046253204344, 2.3025711441040038, 2.302527904510498, 2.3025109910964967, 2.302424011230469, 2.3024551248550416, 2.302371368408203, 2.3022947549819945, 2.3023563718795774, 2.302061152458191, 2.301843037605286, 2.3016111278533935, 2.3000842094421388, 2.298342242240906, 2.2936421489715575, 2.1659285640716552, 2.085272274017334, 2.040094323158264, 1.9745571088790894, 1.9326833891868591, 1.9213818836212158, 1.8951883053779601, 1.8793018579483032, 1.8835906839370729, 1.8542292284965516, 1.8490023112297058, 1.8466340351104735, 1.835878577232361, 1.814942603111267, 1.8057302451133728, 1.785255901813507, 1.7731477618217468, 1.7491750359535216, 1.7221097588539123, 1.6859046983718873, 1.645018162727356, 1.6195176696777345, 1.5755064225196838, 1.5525787162780762, 1.5123236203193664, 1.4696562361717225, 1.476691448688507, 1.450346610546112, 1.4144383907318114, 1.4056130027770997, 1.332703354358673, 1.32410906791687, 1.287170798778534, 1.2130914330482483, 1.2272528719902038, 1.2164388465881348, 1.1820432448387146, 1.1349820148944856, 1.120206080675125, 1.1029165613651275, 1.0701302409172058, 1.038435504436493, 1.0130481457710265, 1.0069596779346466, 0.9848212504386902, 0.9765277922153472, 0.9557274758815766, 0.9168863797187805, 0.8896795606613159, 0.9109128105640412, 0.8906926393508912, 0.8486360287666321, 0.8390211403369904, 0.8404445266723632, 0.8236453628540039, 0.8049149179458618, 0.7965539479255677, 0.7721206104755401, 0.7646505665779114, 0.7649281442165374, 0.7520208883285523, 0.7336325514316558, 0.7234617173671722, 0.7152876150608063, 0.7005598664283752, 0.7036988365650177, 0.6864511132240295, 0.6808509135246277, 0.6757915115356445, 0.6524860072135925, 0.6447795701026916, 0.6527609360218048, 0.6450122976303101, 0.6339501786231995, 0.6375850331783295, 0.6249387526512146, 0.6122471749782562, 0.6136580169200897, 0.6068135780096054, 0.6035903316736221, 0.5924232894182205, 0.5938942342996597, 0.5922350782155991, 0.5949418288469315, 0.5767667132616043, 0.5772254997491837, 0.5905684101581573, 0.5807406109571457, 0.5704250282049179, 0.573070056438446], "accuracies": [10.0, 10.0, 10.0, 12.0, 10.0, 14.47, 14.39, 16.61, 16.41, 18.8, 22.21, 25.27, 25.09, 29.26, 33.97, 36.43, 38.51, 35.55, 47.56, 49.42, 53.68, 60.63, 63.14, 60.78, 66.91, 67.8, 69.17, 70.48, 72.51, 71.23, 74.62, 74.48, 75.29, 76.66, 76.38, 77.59, 77.67, 77.92, 77.92], "pruned_num_parameters": 34748935, "strategy": [0.30437678312233113, 0.6241605973117064, 0.6240993694380151, 0.5970008408062567, 0.7169692053651066, 0.3036297290821218, 0.6492753418725044, 0.7991532770108625, 0.6970002350931163, 0.3012362007302991, 0.2872138043524285, 0.05613461911698982, 0.43195065986841585, 0.6006366557656241, 0.06227992008681567], "did_it_train": true}