{"losses": [2.302587990760803, 2.3026556062698362, 2.302551369667053, 2.3026422834396363, 2.3025698280334472, 2.3026120233535767, 2.3025353527069092, 2.302632327079773, 2.3026365280151366, 2.302571430206299, 2.30258499622345, 2.302586317062378, 2.302543716430664, 2.3025974321365354, 2.3026581716537478, 2.302531781196594, 2.3025842905044556, 2.3025870180130004, 2.3024822282791138, 2.302526388168335, 2.302578387260437, 2.3025210809707644, 2.3024257707595823, 2.302474088668823, 2.3023667621612547, 2.302432670593262, 2.3023002099990846, 2.3019371128082273, 2.3018514108657837, 2.3014067935943605, 2.298933801651001, 2.292661828994751, 2.227829875946045, 2.1198180675506593, 2.069543271064758, 2.0256232237815857, 1.9460228848457337, 1.9085332918167115, 1.916782557964325, 1.8916599822044373, 1.8790741515159608, 1.875155851840973, 1.8448721575737, 1.819191198348999, 1.7835677909851073, 1.752317683696747, 1.737440767288208, 1.6790277075767517, 1.6461008191108704, 1.6396747326850891, 1.6245433187484741, 1.562106454372406, 1.509891414642334, 1.5069988584518432, 1.4411997938156127, 1.4325587058067322, 1.4269176030158996, 1.3567076063156127, 1.346823124885559, 1.304376745223999, 1.2692768478393555, 1.26356867313385, 1.2183426570892335, 1.1685130095481873, 1.140309900045395, 1.1342910432815552, 1.0908271884918213, 1.0546526861190797, 1.0401520383358003, 1.0004100394248963, 0.9817561364173889, 0.9671019101142884, 0.9141413164138794, 0.911300984621048, 0.8869675433635712, 0.8405203878879547, 0.8514933776855469, 0.8361161780357361, 0.7949438560009002, 0.7839428699016571, 0.774158399105072, 0.7431217098236084, 0.7323913586139679, 0.7226288294792176, 0.7025061357021332, 0.6832307684421539, 0.6890208899974823, 0.6691177260875701, 0.6544168400764465, 0.6585762202739716, 0.6228912889957428, 0.6321258997917175, 0.6312381058931351, 0.6027662616968155, 0.5906780219078064, 0.6043935710191727, 0.5756739968061447, 0.5601196312904357, 0.581138636469841, 0.5655142599344254, 0.5546218919754028, 0.5515501785278321, 0.53742735683918, 0.5278022295236587, 0.5366904628276825, 0.5282312697172165, 0.5347276562452317, 0.5208052843809128, 0.5247521060705185, 0.5214902353286743, 0.518217749595642], "accuracies": [10.0, 10.0, 10.0, 10.0, 10.0, 10.0, 10.0, 10.0, 10.0, 16.03, 18.64, 22.65, 24.65, 26.89, 32.89, 33.63, 36.9, 37.07, 47.39, 53.12, 55.14, 61.48, 64.45, 63.77, 69.63, 70.93, 72.55, 73.05, 74.47, 76.24, 77.13, 78.35, 78.31, 78.93, 79.24, 79.3, 79.15], "pruned_num_parameters": 36538523, "strategy": [0.8220127316247838, 0.21794765181688844, 0.4945404341612947, 0.26069716632646844, 0.5024120446157998, 0.23674664314251617, 0.17672595689427942, 0.6142735208081838, 0.5415354888124653, 0.6297118187568093, 0.6823796596013614, 0.5574335079105894, 0.6883332220150314, 0.23020652383281026, 0.3139619447671486], "did_it_train": true}