{"losses": [2.3025065231323243, 2.302655482292175, 2.302641997337341, 2.302555899620056, 2.30266357421875, 2.3025917196273804, 2.3026284742355347, 2.3026138877868654, 2.302633123397827, 2.3025451564788817, 2.302611961364746, 2.302655782699585, 2.3025586462020873, 2.3025754642486573, 2.3025832891464235, 2.302560558319092, 2.3025434017181396, 2.302557125091553, 2.3024846935272216, 2.302579860687256, 2.3025311851501464, 2.302336392402649, 2.302470850944519, 2.302472472190857, 2.3022477626800537, 2.3021423864364623, 2.3020982122421265, 2.301429314613342, 2.30114013671875, 2.3002000570297243, 2.2883995246887205, 2.2510852098464964, 2.17621458530426, 2.0704055762290956, 2.035297055244446, 1.9953782510757447, 1.8976135730743409, 1.8815950179100036, 1.8166191172599793, 1.781546688079834, 1.7461649417877196, 1.7089839458465577, 1.6508345413208008, 1.6306827878952026, 1.6196433687210083, 1.5559158873558045, 1.5364277601242065, 1.4949263310432435, 1.4575623440742493, 1.448268473148346, 1.3985926818847656, 1.3621185612678528, 1.3311689162254334, 1.3052611970901489, 1.237286331653595, 1.2210821628570556, 1.177476167678833, 1.1375736105442047, 1.0841130232810974, 1.0817376935482026, 1.0637454199790954, 1.006004774570465, 0.9846538412570953, 0.9664281189441681, 0.9408585929870605, 0.9367263925075531, 0.8956599628925324, 0.9075767982006073, 0.870620664358139, 0.8453874123096466, 0.816327760219574, 0.8300427842140198, 0.8058341979980469, 0.7749815738201141, 0.7712284445762634, 0.7659756851196289, 0.74567715883255, 0.7365397083759307, 0.7201491022109985, 0.7094698774814606, 0.7016303765773774, 0.6901436960697174, 0.6725198578834534, 0.6767161333560944, 0.6655793428421021, 0.6628330290317536, 0.6497307312488556, 0.6443921792507171, 0.6429249703884125, 0.6400224494934083, 0.6279685175418854, 0.6312894248962402, 0.624170001745224], "accuracies": [10.0, 14.84, 10.0, 10.0, 10.0, 10.01, 10.0, 12.83, 14.39, 13.98, 23.89, 28.11, 29.45, 34.9, 38.5, 44.52, 43.48, 50.72, 58.15, 59.25, 64.48, 64.59, 68.65, 70.73, 70.46, 72.95, 74.78, 74.66, 75.6, 76.17, 76.23], "pruned_num_parameters": 43409441, "strategy": [0.5318576968907575, 0.5302779036891202, 0.7388708032691113, 0.21580700096474362, 0.40464892358996807, 0.08398118069543653, 0.2605166803299914, 0.7955726434959646, 0.8153621303572431, 0.04211095717686466, 0.6222187776309522, 0.30572328202812454, 0.3813197640712402, 0.449849974730206, 0.5324106495074877], "did_it_train": true}