{"losses": [2.3026386594772337, 2.3026501035690305, 2.3026427841186523, 2.3024113273620603, 2.3027800559997558, 2.3026684856414796, 2.302556529045105, 2.3026383972167968, 2.3025812816619875, 2.3025760507583617, 2.302607936859131, 2.3025251626968384, 2.3024892091751097, 2.3025373792648316, 2.3025929594039916, 2.3024715995788574, 2.3025365257263184, 2.302440433502197, 2.302268009185791, 2.3023019456863403, 2.3020961332321166, 2.301594319343567, 2.301109218597412, 2.299822688102722, 2.274454941749573, 2.190414834022522, 2.1320320987701415, 2.0273734855651857, 1.968136134147644, 1.9376919054985047, 1.9054139351844788, 1.884252235889435, 1.8996506571769713, 1.8669699287414552, 1.8545403861999512, 1.84421204328537, 1.820036015510559, 1.8114300870895386, 1.783302161693573, 1.7393853545188904, 1.724201340675354, 1.732569260597229, 1.6710732793807983, 1.658626036643982, 1.6290867686271668, 1.598336341381073, 1.58288747549057, 1.5534947085380555, 1.5167702484130858, 1.512095696926117, 1.48677583694458, 1.4347438526153564, 1.4488431930541992, 1.4201548147201537, 1.3632418012619019, 1.3297794985771179, 1.2880978631973266, 1.2528917908668518, 1.2446399998664857, 1.215796618461609, 1.1593259739875794, 1.1397554612159728, 1.1486626315116881, 1.08301598072052, 1.0820013546943665, 1.03435200214386, 1.033579170703888, 0.9980090439319611, 0.9874353349208832, 0.9485974252223969, 0.9578560769557953, 0.9264313578605652, 0.9146649622917176, 0.8847085118293763, 0.8680362534523011, 0.8451541948318482, 0.8561694967746735, 0.8228786551952362, 0.7922743856906891, 0.8071993553638458, 0.7902522873878479, 0.760183321237564, 0.7513397657871246, 0.7454744470119476, 0.7271849548816681, 0.7162341356277466, 0.710333651304245, 0.6779231321811676, 0.6924601697921753, 0.6728666508197785, 0.6633850789070129, 0.6506008446216583, 0.6531024974584579, 0.635709776878357, 0.6165710598230362, 0.6280820864439011, 0.6134973764419556, 0.595169740319252, 0.5939302229881287, 0.5893984943628311, 0.5843130058050156, 0.5604092603921891, 0.5579512673616409, 0.5553774476051331, 0.5574058598279953, 0.550145024061203, 0.5327406758069992, 0.5402514153718948, 0.5304458284378052, 0.5393900722265244, 0.5261510723829269, 0.5169357514381409, 0.5118403351306915, 0.512210237979889, 0.5032631623744964, 0.49978001952171325, 0.505306858420372, 0.5076336443424225, 0.49134539783000947, 0.4946632421016693], "accuracies": [12.36, 10.05, 10.0, 13.23, 10.0, 16.02, 14.36, 17.61, 20.81, 21.6, 25.78, 28.55, 31.39, 36.76, 40.17, 40.35, 39.33, 46.83, 52.86, 52.9, 59.34, 61.37, 62.94, 66.22, 68.98, 70.97, 72.67, 74.47, 75.65, 75.29, 75.93, 76.29, 78.8, 79.19, 79.91, 80.39, 80.45, 80.59, 80.86, 80.87], "pruned_num_parameters": 33189902, "strategy": [0.159055488507386, 0.5246239418015771, 0.7410607245814562, 0.8026054201179221, 0.7350470978797126, 0.19200021004689613, 0.5208501314401592, 0.19645255449161406, 0.37600834665027777, 0.043355509906155054, 0.5828714476322759, 0.40308213577114954, 0.42533858428302596, 0.6299292720615064, 0.11124554585433091], "did_it_train": true}