{"losses": [2.302671527862549, 2.3026824045181273, 2.3025933074951173, 2.302593994140625, 2.3025816249847413, 2.3026415586471556, 2.302586917877197, 2.302576975822449, 2.3027079200744627, 2.302580919265747, 2.3025950479507444, 2.30276807308197, 2.302612476348877, 2.3026201915740967, 2.302722702026367, 2.3025704717636106, 2.3027121925354006, 2.3026417303085327, 2.3025861740112306, 2.302684178352356, 2.302664041519165, 2.3026833057403566, 2.3026164531707765, 2.3026831436157225, 2.3026158380508424, 2.3026496601104736, 2.3026978969573975, 2.302502908706665, 2.302746868133545, 2.3027476119995116, 2.3025651502609255, 2.3027483367919923, 2.3026151943206785, 2.302520680427551, 2.30278932094574, 2.3026535749435424, 2.302613477706909, 2.3026851511001585, 2.3025887298583982, 2.3025414896011354, 2.3026260137557983, 2.3026095819473267, 2.302552170753479, 2.302635374069214, 2.302704248428345, 2.3025422954559325, 2.3026433277130125, 2.302634606361389, 2.3025740003585815, 2.3026044607162475, 2.30259220123291, 2.3025549840927124, 2.302562675476074, 2.302642674446106, 2.302544255256653, 2.3025717973709106, 2.30258629322052, 2.302509903907776, 2.302502517700195, 2.3026160192489624, 2.302503614425659, 2.302511525154114, 2.3025317287445066, 2.3024920558929445, 2.3025044536590578, 2.302504119873047, 2.3024871492385866, 2.3024835729599, 2.3024837350845337, 2.302470574378967, 2.3024707317352293, 2.302480630874634, 2.302469491958618, 2.30247633934021, 2.302466993331909], "accuracies": [10.0, 10.0, 10.0, 10.0, 10.0, 11.33, 10.0, 10.0, 10.0, 10.0, 10.0, 10.0, 14.49, 10.0, 10.0, 10.0, 10.0, 14.62, 10.0, 10.0, 13.73, 13.63, 10.0, 10.32, 11.17], "pruned_num_parameters": 53072569, "strategy": [0.7053346638178254, 0.8709111714772937, 0.8823272557301405, 0.81553211388864, 0.6286903492134087, 0.670787945952888, 0.6389188041303082, 0.5518673476596191, 0.4617172311611233, 0.474952087752866, 0.46131012976656827, 0.6062294742111841, 0.3479701775489889, 0.3240477301715935, 0.6154861970025785], "did_it_train": true}