{"losses": [2.3026365995407105, 2.302584910392761, 2.3025721073150636, 2.302555537223816, 2.302610340118408, 2.3025401782989503, 2.3024548721313476, 2.30249342918396, 2.302533574104309, 2.3023450756073, 2.3022242307662966, 2.302094659805298, 2.3013267660140992, 2.300207028388977, 2.296519064903259, 2.16138126373291, 2.089569911956787, 2.0336680889129637, 1.940627293586731, 1.9147770452499389, 1.8964082622528076, 1.88562269449234, 1.8682843732833863, 1.8478796148300172, 1.8204876947402955, 1.806408438682556, 1.7795010495185852, 1.7118410468101501, 1.715998637676239, 1.6892151618003846, 1.6586473131179809, 1.6224507451057435, 1.5857567596435547, 1.5411867690086365, 1.5320303797721864, 1.5016179847717286, 1.4549942755699157, 1.4103700804710388, 1.4220812034606933, 1.3665881872177124, 1.3259721422195434, 1.2790564513206482, 1.2361658239364623, 1.2152446508407593, 1.1898957777023316, 1.1458484482765199, 1.1163750791549683, 1.111442176103592, 1.064589000940323, 1.072907853126526, 1.0540127599239348, 1.0402408730983734, 1.0233977770805358, 1.0338201320171356], "accuracies": [10.0, 10.0, 12.24, 10.01, 17.19, 20.99, 25.27, 24.64, 30.8, 33.79, 39.32, 38.88, 49.93, 49.78, 57.13, 59.65, 61.4, 61.71], "pruned_num_parameters": 74511203, "strategy": [0.3052806946786136, 0.7739637848934147, 0.37854865795958514, 0.17533287768536973, 0.3041489855638184, 0.6344970720715384, 0.2588929196644462, 0.5032326333751224, 0.8248391948268973, 0.01201865183369082, 0.45745738005341885, 0.4571504141506995, 0.08551896580612647, 0.36407027656060525, 0.06568847370730946], "did_it_train": true}