{"losses": [2.3025348567962647, 2.302468252182007, 2.3027381181716917, 2.3026166009902953, 2.3026475143432616, 2.3025136947631837, 2.3025568151474, 2.3025745820999144, 2.3025322580337524, 2.3025118207931516, 2.302542595863342, 2.3025338506698607, 2.3023966264724733, 2.3024613809585572, 2.302398233413696, 2.3020436716079713, 2.301973738670349, 2.3016671657562258, 2.298751087188721, 2.278409538269043, 2.184501919746399, 2.097435989379883, 2.0691920375823973, 2.0064355611801146, 1.9418340730667114, 1.913104271888733, 1.8958605813980103, 1.8650679349899293, 1.8558428978919983, 1.8177936005592346, 1.780071985721588, 1.7550959992408752, 1.7462817764282226, 1.6936025142669677, 1.6623181366920472, 1.6421105003356933, 1.5978624749183654, 1.5773198175430299, 1.5467692065238952, 1.5145959901809691, 1.4678212213516235, 1.4268361020088196, 1.3986631155014038, 1.3563128733634948, 1.3124094319343567, 1.2517582774162292, 1.2314400792121887, 1.2184003853797913, 1.1559125506877899, 1.129755095243454, 1.1226339113712311, 1.0618369734287263, 1.055045713186264, 1.0400724411010742, 0.9829187154769897, 0.9849852478504181, 0.9647189247608184, 0.9220369446277619, 0.9137528347969055, 0.8971729028224945, 0.8573974645137787, 0.8496781861782075, 0.8471101796627045, 0.8109727609157562, 0.8085197913646698, 0.8009311807155609, 0.7599721550941467, 0.7576379334926605, 0.7659615683555603, 0.7311841249465942, 0.7158314514160157, 0.704599392414093, 0.7030246496200562, 0.6897669100761413, 0.6800054001808167, 0.6736079812049866, 0.6479352498054505, 0.6716442155838013, 0.6540505766868592, 0.6426078748703002, 0.6380471360683441, 0.631295096874237, 0.6297961074113846, 0.6362731111049652], "accuracies": [10.0, 10.0, 10.0, 15.78, 10.0, 17.2, 19.27, 20.73, 26.77, 27.09, 33.77, 38.58, 37.55, 49.37, 52.87, 51.37, 60.03, 60.63, 63.1, 67.43, 68.61, 72.26, 71.96, 74.58, 75.54, 75.9, 76.05, 76.45], "pruned_num_parameters": 48285038, "strategy": [0.24489308325349482, 0.882453131721937, 0.10125932972773281, 0.13037569691955997, 0.12227241147953462, 0.1497798870319481, 0.04256425725519891, 0.6317260166810046, 0.2950804862327942, 0.8553879963371828, 0.7255576139585685, 0.3917873918627793, 0.4108358720989609, 0.3891435855465886, 0.28349238145606803], "did_it_train": true}