{"losses": [2.3025757265090943, 2.302633228302002, 2.3026061248779297, 2.302501139640808, 2.3026351594924925, 2.3026367664337157, 2.3025711584091186, 2.302596983909607, 2.302637438774109, 2.3026073503494264, 2.3026206588745115, 2.302612371444702, 2.3025874662399293, 2.302635645866394, 2.302692008018494, 2.3026309061050414, 2.302611846923828, 2.302669997215271, 2.302603244781494, 2.302620701789856, 2.302702226638794, 2.302615737915039, 2.302631001472473, 2.3027034902572634, 2.302665252685547, 2.3025652885437013, 2.302692885398865, 2.302629427909851, 2.3026206636428834, 2.3026501178741454, 2.3025108623504638, 2.3027117395401, 2.3026326274871827, 2.3025705289840697, 2.3025485706329345, 2.3026424169540407, 2.3025372791290284, 2.302526092529297, 2.3026273965835573, 2.302446417808533, 2.302463755607605, 2.3025602006912234, 2.302415909767151, 2.30228449344635, 2.302335295677185, 2.302015962600708, 2.3020957040786745, 2.30187735080719, 2.3010827827453615, 2.300208559036255, 2.2980378580093386, 2.2277733182907102, 2.1677351808547973, 2.141680178642273, 2.058770565986633, 2.0198426461219787, 2.0228670263290405, 1.9499846696853638, 1.9154219555854797, 1.9057679438591004, 1.8772885942459105, 1.8691146898269653, 1.8841624903678893, 1.8591937470436095, 1.8468665623664855, 1.838745186328888, 1.8335401010513306, 1.8316559100151062, 1.8291350412368774, 1.815470712184906, 1.8185708594322205, 1.8088957405090331, 1.7813235640525817, 1.7825572562217713, 1.7689214754104614, 1.7429188108444214, 1.713406774997711, 1.6948283457756042, 1.66142849445343, 1.6427357912063598, 1.633655047416687, 1.6281496095657348, 1.5911446976661683, 1.573656358718872, 1.5587062048912048, 1.5398833131790162, 1.549759454727173, 1.5275206422805787, 1.5031365251541138, 1.520686228275299, 1.4805727863311768, 1.4868439626693726, 1.4798029255867005, 1.4741949224472046, 1.4706940865516662, 1.465055594444275, 1.4719287300109862, 1.4615891194343567, 1.466853265762329], "accuracies": [10.0, 10.0, 10.0, 10.0, 10.0, 10.0, 10.0, 10.0, 10.0, 10.0, 11.03, 10.0, 11.04, 10.0, 10.76, 14.31, 12.95, 18.24, 15.2, 20.94, 23.03, 24.86, 24.13, 27.98, 29.6, 34.11, 34.78, 40.03, 39.83, 41.09, 42.1, 42.48, 42.68], "pruned_num_parameters": 40405209, "strategy": [0.4945979509607758, 0.8371546719297851, 0.566526123657122, 0.6103879183940761, 0.31111497323406867, 0.5632730448721914, 0.41888760484336085, 0.4303975449920394, 0.5823506554846052, 0.6380659064727294, 0.44326058301795673, 0.8488935350246898, 0.494868368162565, 0.3406447522958678, 0.6831234348983127], "did_it_train": true}