{"losses": [2.302646698951721, 2.3026146936416625, 2.302633819580078, 2.302582302093506, 2.3025856828689575, 2.3026404666900633, 2.3025502872467043, 2.302585644721985, 2.302650880813599, 2.3025676107406614, 2.30263813495636, 2.3026678133010865, 2.3026088809967042, 2.302625379562378, 2.3026946640014647, 2.3026150274276733, 2.3026390743255614, 2.302726707458496, 2.302629804611206, 2.302669038772583, 2.3026912927627565, 2.302634053230286, 2.3026994371414187, 2.3026699447631835, 2.3026129531860353, 2.302702603340149, 2.3026563692092896, 2.302584671974182, 2.302739882469177, 2.3026912307739256, 2.302602615356445, 2.3026752138137816, 2.302670593261719, 2.302615079879761, 2.302628364562988, 2.3026908016204835, 2.302576422691345, 2.3026480007171632, 2.3027186965942383, 2.302651743888855, 2.3025893688201906, 2.302657780647278, 2.3025678110122683, 2.3026214599609376, 2.3026771926879883, 2.30259765625, 2.302607421875, 2.30267804145813, 2.3025307178497316, 2.3026206588745115, 2.302705602645874, 2.30257194519043, 2.3025497913360597, 2.30264431476593, 2.3025534629821776, 2.302516670227051, 2.3026833820343016, 2.302513418197632, 2.302600688934326, 2.3025492572784425, 2.3025026226043703, 2.302570242881775, 2.3025520420074463, 2.3025440168380737, 2.3024964570999145, 2.3025532960891724, 2.3024634981155394, 2.3025234365463256, 2.3025240993499754, 2.3024809694290163, 2.3024546003341673, 2.302526249885559, 2.302454586029053, 2.3024415254592894, 2.3024589586257935, 2.3024294900894167, 2.3024415969848633, 2.302441620826721, 2.302425675392151, 2.3024263191223144, 2.3024268436431883, 2.3024074268341064, 2.3024223184585573, 2.3024215269088746], "accuracies": [10.0, 10.0, 10.0, 10.0, 10.0, 10.0, 10.0, 10.0, 10.0, 10.0, 10.0, 10.0, 10.0, 10.0, 10.0, 10.81, 10.0, 10.0, 10.0, 10.0, 10.05, 14.4, 10.1, 10.0, 10.0, 10.0, 10.0, 10.0], "pruned_num_parameters": 48243523, "strategy": [0.8323750878328595, 0.023983837042572, 0.7519210907373081, 0.13356750550023241, 0.8534312911899421, 0.8339260665723187, 0.45792411881129447, 0.3665711507442312, 0.20895399850503255, 0.6719114391515995, 0.32419161336315183, 0.8369728756689222, 0.24130580945710775, 0.4421058266502957, 0.8550139522400405], "did_it_train": true}