{"losses": [2.3025962781906126, 2.302655029296875, 2.3025329160690307, 2.302567286491394, 2.302587418556213, 2.302530107498169, 2.302446360588074, 2.302453842163086, 2.3024781847000124, 2.3023390865325926, 2.3021687698364257, 2.302094969749451, 2.3012145948410034, 2.3003588104248047, 2.2972375679016115, 2.1624483919143676, 2.0963545489311217, 2.0401001143455506, 1.9478236079216003, 1.913499276638031, 1.8937115502357482, 1.8723732089996339, 1.872012255191803, 1.8477896070480346, 1.8163254928588868, 1.7914641451835633, 1.7993586730957032, 1.726417851448059, 1.6908377146720885, 1.6758582663536072, 1.647724018096924, 1.6203561782836915, 1.5835536456108092, 1.5507626938819885, 1.5294781565666198, 1.5092093873023986, 1.4520956516265868, 1.433274006843567, 1.3854507565498353, 1.3104025530815124, 1.280897891521454, 1.2761462998390198, 1.188967876434326, 1.1791514897346496, 1.1654102849960326, 1.1124338233470916, 1.0921168577671052, 1.0827075052261352, 1.0589549934864044, 1.041121152639389, 1.037689927816391, 1.031428760290146, 1.009268926382065, 1.0223852121829986], "accuracies": [10.0, 10.0, 11.71, 14.54, 17.09, 22.94, 26.53, 28.39, 33.96, 31.9, 40.54, 45.23, 47.08, 52.63, 59.82, 61.95, 63.17, 63.17], "pruned_num_parameters": 75353900, "strategy": [0.32410671575504774, 0.6721842994244136, 0.13436829198004202, 0.7346005385317038, 0.233222111538195, 0.20258603088621155, 0.8722610339525712, 0.11055302542362704, 0.4600247025911593, 0.8001332218633893, 0.0010785577491656208, 0.36388794645563216, 0.3859033649277558, 0.06016580682724139, 0.2943302315136863], "did_it_train": true}