{"losses": [2.3027219200134277, 2.302720317840576, 2.3025664615631105, 2.3026343393325805, 2.302560272216797, 2.3026619720458985, 2.3025059366226195, 2.302662615776062, 2.302585062980652, 2.3024448108673097, 2.302566285133362, 2.3026123428344727, 2.3023624324798586, 2.302287540435791, 2.3021927499771118, 2.301729555130005, 2.3011755609512328, 2.300414204597473, 2.291957130432129, 2.2336443138122557, 2.1356865835189818, 2.039252846240997, 1.9938325333595275, 1.9720690941810608, 1.9091069149971007, 1.896880373954773, 1.89227144241333, 1.8584459590911866, 1.8510356378555297, 1.8554362678527831, 1.8241105198860168, 1.818052031993866, 1.8192791271209716, 1.7920773673057555, 1.7967601108551026, 1.7888538122177124, 1.7878567051887513, 1.7746262907981873, 1.7920741820335389], "accuracies": [10.17, 10.0, 10.0, 10.0, 14.5, 17.34, 21.17, 24.44, 23.94, 26.68, 28.29, 29.4, 29.36], "pruned_num_parameters": 105543354, "strategy": [0.8056142612309716, 0.34500357268086496, 0.5489424023618701, 0.7967387233300212, 0.6002911027722924, 0.7177931379394316, 0.32466246207182353, 0.7214165717725262, 0.5396244228835616, 0.5053057997054307, 0.5127618704023913, 0.33854642872517465, 0.010319841265829955, 0.09895102564319634, 0.3627908837606023], "did_it_train": true}