{"losses": [2.302557210922241, 2.3026568603515627, 2.3026084899902344, 2.3025568103790284, 2.302646837234497, 2.3026002788543702, 2.3025061178207396, 2.3025563383102416, 2.3027174043655396, 2.3025761890411376, 2.302514410018921, 2.3026580667495726, 2.3025309658050537, 2.3025290870666506, 2.3026344108581545, 2.3025570821762087, 2.3025374746322633, 2.3025996589660647, 2.30249858379364, 2.3025122690200805, 2.302569556236267, 2.3024241638183596, 2.3023441934585573, 2.302495584487915, 2.302132959365845, 2.302255144119263, 2.302133059501648, 2.3015902471542358, 2.301502242088318, 2.300881471633911, 2.2983224534988405, 2.293875846862793, 2.2724668884277346, 2.1144987177848815, 2.044766879081726, 2.0092032051086424, 1.9386526799201966, 1.9044386219978333, 1.9100928354263305, 1.8723758721351624, 1.8591342449188233, 1.8386973786354064, 1.814239616394043, 1.781708824634552, 1.782375078201294, 1.7737207794189453, 1.728110740184784, 1.7182027578353882, 1.722443904876709, 1.684445288181305, 1.657750289440155, 1.6206898379325867, 1.6250628209114075, 1.6116710090637207, 1.580704927444458, 1.5677749967575074, 1.5487202906608581, 1.5209071254730224, 1.4887842893600465, 1.4344016885757447, 1.4285846114158631, 1.3893273997306823, 1.3283314752578734, 1.3069738841056824, 1.2669944620132447, 1.2553757619857788, 1.2053888297080995, 1.2002108478546143, 1.1741766548156738, 1.1310479581356048, 1.1440862941741943, 1.0892313051223754, 1.0740996634960174, 1.0791041052341461, 1.0451815855503082, 1.0076100206375123, 0.990541342496872, 1.0066966664791108, 0.969459843635559, 0.939863303899765, 0.9557998621463776, 0.9191764438152313, 0.8855105602741241, 0.9041684496402741, 0.8682835924625397, 0.8653068387508392, 0.8387461388111115, 0.8281647419929504, 0.8289215648174286, 0.8166160106658935, 0.8068722987174988, 0.7784829366207123, 0.7713186323642731, 0.7611267495155335, 0.753603105545044, 0.7422446715831756, 0.7353245198726654, 0.7320844328403473, 0.7327377653121948, 0.6998310887813568, 0.6985301721096039, 0.7032586526870728, 0.6688489544391633, 0.6808322036266327, 0.6693092310428619, 0.6552318680286408, 0.6518943047523499, 0.6508589708805084, 0.6484821236133576, 0.6402739351987838, 0.6420297884941101, 0.6315513598918915, 0.6302825403213501, 0.6274557328224182, 0.624897205233574, 0.6224766749143601, 0.6232878541946412], "accuracies": [10.0, 10.0, 10.0, 10.0, 10.0, 10.0, 15.54, 10.0, 12.91, 17.08, 18.56, 20.87, 24.71, 22.56, 31.31, 33.08, 35.59, 36.9, 33.7, 47.7, 52.08, 56.8, 59.28, 57.41, 63.16, 65.48, 64.85, 65.92, 68.92, 68.64, 70.62, 72.73, 73.75, 74.9, 75.28, 75.58, 76.02, 76.08, 76.05], "pruned_num_parameters": 34488623, "strategy": [0.35887648352194623, 0.8072144663990037, 0.8295522576104402, 0.5681907015404519, 0.3678387979887628, 0.45301847045963395, 0.012582622698975877, 0.7851069843716924, 0.4421331040022689, 0.7075555434676049, 0.3335896303464797, 0.43835845589632927, 0.512559274052522, 0.5089097888047576, 0.2393761217129148], "did_it_train": true}