{"losses": [2.3026764488220213, 2.3025763702392577, 2.3026174116134643, 2.3025052547454834, 2.302563829421997, 2.302683992385864, 2.3025439977645874, 2.3025134706497195, 2.302576489448547, 2.3025057554244994, 2.302506031990051, 2.3024576187133787, 2.3022268056869506, 2.302395124435425, 2.302191767692566, 2.3017328119277956, 2.3012647914886473, 2.3004215860366823, 2.2790662002563478, 2.1696993923187256, 2.0879174399375917, 1.9844752144813538, 1.9469428539276123, 1.930493607521057, 1.9187511396408081, 1.8847414398193358, 1.8470520663261414, 1.7847023653984069, 1.7952786779403687, 1.7440401411056519, 1.7228392338752747, 1.6894137620925904, 1.675142421722412, 1.62473482131958, 1.5929751920700073, 1.5950557446479798, 1.5222928285598756, 1.4833005619049073, 1.4543840312957763, 1.393104863166809, 1.3950899529457093, 1.3570495772361755, 1.3037699699401855, 1.2656362390518188, 1.2464043498039246, 1.2104027318954467, 1.1497161614894866, 1.1366809678077698, 1.1062469601631164, 1.0694243478775025, 1.046036765575409, 0.9985356259346009, 0.9991666996479034, 0.9768003904819489, 0.9477397453784943, 0.9316755092144012, 0.9283591103553772, 0.9011525332927703, 0.8882444369792938, 0.8932471609115601, 0.856389616727829, 0.8699641644954681, 0.8606073558330536, 0.8426398742198944, 0.8607979881763458, 0.8421372306346894], "accuracies": [10.0, 10.0, 10.0, 10.0, 14.83, 17.58, 19.7, 24.6, 29.5, 30.89, 31.89, 39.78, 45.7, 50.5, 46.29, 54.64, 62.88, 63.02, 67.11, 68.24, 69.15, 69.22], "pruned_num_parameters": 60450530, "strategy": [0.4434284149537478, 0.17815101573764733, 0.8935467310522338, 0.1313727773106163, 0.4658961183260073, 0.26485018725914766, 0.6453700143198171, 0.3657818916353178, 0.5838809534288134, 0.38964694906968395, 0.09165383492568221, 0.5020392331976611, 0.5035873567052361, 0.11993338522131529, 0.28660642420625576], "did_it_train": true}