{"losses": [2.3026939487457274, 2.3025922393798828, 2.3026538038253785, 2.3025912618637085, 2.302491316795349, 2.3027057027816773, 2.3026017856597902, 2.3025966453552247, 2.302617492675781, 2.302565059661865, 2.3025408458709715, 2.3026285982131958, 2.302501263618469, 2.3025749731063843, 2.302649693489075, 2.3024940156936644, 2.3026446676254273, 2.3025813579559324, 2.302489023208618, 2.302489233016968, 2.302483983039856, 2.302421560287476, 2.3023119306564332, 2.302395396232605, 2.3020752811431886, 2.3020534801483152, 2.301867423057556, 2.3011195039749146, 2.300329909324646, 2.2983956384658812, 2.249988579750061, 2.1160974073410035, 2.0527003717422487, 1.9625224924087525, 1.9228621125221252, 1.9280912804603576, 1.8980928087234497, 1.8905406785011292, 1.8732842683792115, 1.8367829084396363, 1.8411655688285828, 1.8137416291236876, 1.7487716102600097, 1.8485464859008789, 1.7324169969558716, 1.689157350063324, 1.6762972211837768, 1.6540872287750243, 1.6085346627235413, 1.5577249073982238, 1.5436569738388062, 1.5165382075309752, 1.6055630016326905, 1.456749641895294, 1.4366123247146607, 1.3748989057540895, 1.3567844390869142, 1.3120910429954529, 1.2622828817367553, 1.241745455265045, 1.1838356852531433, 1.154306502342224, 1.134100980758667, 1.1002476000785828, 1.04362527012825, 1.035415892601013, 0.9959439218044281, 0.9832422697544098, 0.9513619589805603, 0.916785786151886, 0.9082913100719452, 0.9030213415622711, 0.868779182434082, 0.8672997903823852, 0.8501902246475219, 0.8276227927207946, 0.8098161113262177, 0.8096759903430939, 0.7871853911876678, 0.7679829466342926, 0.7605304002761841, 0.7422824633121491, 0.7507544553279877, 0.7256630003452301, 0.7171699953079224, 0.7090467011928558, 0.7111920881271362, 0.712824615240097, 0.6924936497211456, 0.6897235441207886, 0.6812628328800201, 0.6906591606140137, 0.6816364479064941, 0.676181743144989, 0.6782093513011932, 0.6601190030574798], "accuracies": [10.0, 10.0, 10.0, 10.0, 10.0, 10.0, 10.0, 12.21, 13.0, 17.75, 21.51, 24.34, 26.34, 27.46, 34.11, 33.73, 40.49, 46.99, 49.68, 52.28, 61.66, 61.73, 65.45, 66.44, 68.49, 70.32, 71.67, 72.4, 73.25, 73.81, 74.08, 74.27], "pruned_num_parameters": 42414221, "strategy": [0.5447392753665292, 0.21988573601832395, 0.24079614954421788, 0.0819641900590332, 0.8191693732457866, 0.8568203233019426, 0.3207608746107412, 0.4934565610463958, 0.48423861568153737, 0.4894496285292639, 0.37155377058321154, 0.2817220654227919, 0.4756314360202514, 0.38250542280395944, 0.5613562756749325], "did_it_train": true}