{"losses": [2.3026384687423707, 2.3025550270080566, 2.302587332725525, 2.302621612548828, 2.302583169937134, 2.302623682022095, 2.3025381803512572, 2.3025881242752075, 2.302627835273743, 2.3024436378479005, 2.302650408744812, 2.3025572061538697, 2.3024029302597047, 2.3024138975143433, 2.3024725246429445, 2.302138776779175, 2.302134408950806, 2.3019307756423952, 2.3011123943328857, 2.3000423812866213, 2.296971907615662, 2.2415229845047, 2.209877300262451, 2.1860565996170043, 2.024690179824829, 1.9921723341941833, 1.9069526290893555, 1.8086924791336059, 1.7744652557373046, 1.7413786387443542, 1.6897680616378785, 1.6609412813186646, 1.6472930574417115, 1.6174076509475708, 1.5705367732048034, 1.5634573459625245, 1.4763507795333863, 1.4903760814666749, 1.4297274208068849, 1.3758060956001281, 1.3412713670730592, 1.3329182410240172, 1.2832245707511902, 1.2861090683937073, 1.24500807762146, 1.245952410697937, 1.2179440426826478, 1.2283074808120729], "accuracies": [10.0, 10.0, 10.0, 10.0, 10.6, 15.94, 14.61, 18.86, 25.14, 34.39, 35.52, 43.54, 45.16, 51.39, 54.06, 54.4], "pruned_num_parameters": 82712523, "strategy": [0.7090096475714739, 0.5392159539059869, 0.45443633150514584, 0.5275184659042147, 0.4364896839759373, 0.3780263191006904, 0.5558116037492912, 0.36259204232335057, 0.49262877563841667, 0.03320218704863537, 0.028253969523149302, 0.7769749852233792, 0.24496451290366134, 0.08523488423299456, 0.6256482279519416], "did_it_train": true}