{"losses": [2.302670092582703, 2.302596716880798, 2.302703619003296, 2.3025535488128663, 2.302527265548706, 2.3026945924758913, 2.302510576248169, 2.3026285314559938, 2.3025800609588623, 2.3025501537323, 2.302522964477539, 2.3026130628585815, 2.302455954551697, 2.302562880516052, 2.3025721502304077, 2.302439961433411, 2.302414436340332, 2.3024085330963135, 2.3022226428985597, 2.302086272239685, 2.3020296478271485, 2.3009403848648073, 2.2982743787765503, 2.266972279548645, 2.152499361038208, 2.098086452484131, 2.0585591912269594, 1.9495076632499695, 1.902008571624756, 1.8945759201049805, 1.8769551301002503, 1.8541716885566712, 1.82318687915802, 1.7761899971961974, 1.7623142576217652, 1.724074034690857, 1.6762622785568237, 1.6684429097175597, 1.6547155427932738, 1.578532326221466, 1.5669028329849244, 1.5323245000839234, 1.4821858096122742, 1.4558412981033326, 1.4256422114372254, 1.3619880890846252, 1.3436948251724243, 1.294488480091095, 1.242005684375763, 1.1955133819580077, 1.2023055911064149, 1.1366339278221131, 1.1097965133190155, 1.095391321182251, 1.0640659308433533, 1.0462476480007172, 1.0248497307300568, 1.005662293434143, 0.9868262195587159, 0.9899658501148224, 0.9936634457111359, 0.9659212875366211, 0.9642139434814453], "accuracies": [10.0, 10.0, 10.0, 14.9, 13.19, 10.24, 11.43, 19.14, 22.39, 23.95, 31.12, 33.61, 36.47, 43.35, 47.63, 51.26, 55.99, 62.01, 63.43, 64.25, 64.84], "pruned_num_parameters": 62482746, "strategy": [0.6062000448095576, 0.44689634705681724, 0.4362262224174747, 0.501964741494477, 0.19615723491335088, 0.020269759749899287, 0.17092928328987156, 0.2748334985111499, 0.3137907806136162, 0.4846139010552113, 0.8326171315976063, 0.5550577231528985, 0.25294962032821783, 0.2928795852952889, 0.726621443419917], "did_it_train": true}