{"losses": [2.3026111936569214, 2.302576117515564, 2.302660231590271, 2.302615232467651, 2.3025843858718873, 2.3025941467285156, 2.3025859212875366, 2.3026192808151245, 2.3026613807678222, 2.302612376213074, 2.302660331726074, 2.3026571035385133, 2.302589807510376, 2.30257905960083, 2.302651343345642, 2.3024876070022584, 2.302606883049011, 2.3027215909957888, 2.302516140937805, 2.302750201225281, 2.302568783760071, 2.302505249977112, 2.302549777030945, 2.302614107131958, 2.3024897289276125, 2.3025338315963744, 2.3024599742889404, 2.3023875188827514, 2.302416434288025, 2.3023211050033567, 2.302127175331116, 2.3020028352737425, 2.3019853019714356, 2.3014022397994993, 2.301014018058777, 2.300217432975769, 2.2950839710235598, 2.2747981262207033, 2.172060685157776, 2.0519999122619628, 2.028117892742157, 1.9772140598297119, 1.9360867142677307, 1.9025729370117188, 1.8996378707885742, 1.886406192779541, 1.8814389967918397, 1.8695913076400756, 1.8556814289093018, 1.8602334833145142, 1.838110785484314, 1.811128966808319, 1.8059630370140076, 1.7923368978500367, 1.7863596606254577, 1.7507923579216003, 1.7288403272628785, 1.7150564193725586, 1.6983436417579652, 1.670878643989563, 1.6500185871124267, 1.6425469660758971, 1.636390426158905, 1.6099715065956115, 1.5943395805358886, 1.5956998729705811, 1.5830821681022644, 1.578461103439331, 1.5549133849143981, 1.5558084344863892, 1.559300754070282, 1.5734114122390748], "accuracies": [10.0, 10.0, 10.0, 10.0, 15.11, 10.0, 10.0, 13.34, 10.0, 12.12, 15.3, 17.24, 20.52, 21.33, 23.54, 24.29, 27.24, 30.21, 33.14, 33.79, 36.83, 38.39, 40.32, 40.35], "pruned_num_parameters": 56993538, "strategy": [0.8882886050074752, 0.8910442625976048, 0.2788774639932897, 0.6844267963648656, 0.7941582273349308, 0.12688465427921922, 0.33391054475242304, 0.25584943338297256, 0.03360697354168151, 0.49016879841466476, 0.04586805927682948, 0.6743860621622515, 0.1857550844790086, 0.4157289667095925, 0.8349694156219175], "did_it_train": true}