{"losses": [2.3025861597061157, 2.3025836038589476, 2.302584824562073, 2.302538204193115, 2.302558341026306, 2.3025838422775267, 2.3024857330322264, 2.302416443824768, 2.302525520324707, 2.302087354660034, 2.3019233894348146, 2.3015648412704466, 2.296294870376587, 2.2550816679000856, 2.1624886655807494, 2.0635679268836977, 2.019767496585846, 2.003985540866852, 1.9552642107009888, 1.894250316619873, 1.874720275402069, 1.7797782444953918, 1.7459781932830811, 1.693602855205536, 1.632857196331024, 1.6057107639312744, 1.5892469239234925, 1.5239125061035157, 1.4836397290229797, 1.446392936706543, 1.3754559540748597, 1.3455614304542542, 1.3086716389656068, 1.2480300712585448, 1.2337613558769227, 1.1803274607658387, 1.159333062171936, 1.105538717508316, 1.0898100185394286, 1.0536637616157531, 1.0168169820308686, 1.001086608171463, 0.9677090609073639, 0.9622870457172393, 0.9470442247390747, 0.8997784745693207, 0.8985403120517731, 0.9012906229496003, 0.8754787242412567, 0.849979796409607, 0.8628213250637055, 0.8367105662822724, 0.8509092175960541, 0.8309985613822937], "accuracies": [10.0, 10.09, 10.0, 17.04, 23.29, 29.29, 30.92, 35.81, 44.96, 49.03, 55.51, 57.22, 57.97, 62.81, 66.87, 67.11, 69.31, 69.33], "pruned_num_parameters": 74317391, "strategy": [0.16783262145011327, 0.7900895222016108, 0.14544151485018017, 0.5585976762943324, 0.11160064676096738, 0.12465280335615937, 0.47387956187491315, 0.5637047897694678, 0.49440806070695226, 0.8019073444704569, 0.040280893057492655, 0.05782628174804103, 0.07205730738913899, 0.3470026340603866, 0.5029651615145784], "did_it_train": true}