{"losses": [2.3026717281341553, 2.3025602293014527, 2.3026525735855103, 2.3025299453735353, 2.3025207042694094, 2.302659482955933, 2.302546434402466, 2.3024649143218996, 2.3026023864746095, 2.302479696273804, 2.3024561309814455, 2.302421798706055, 2.302165570259094, 2.302267484664917, 2.3021153306961057, 2.3015899229049683, 2.3010098934173584, 2.300110783576965, 2.295260672569275, 2.2792133331298827, 2.172198009490967, 2.0396748399734497, 1.976810669898987, 1.9538479042053223, 1.9170247793197632, 1.9010630655288696, 1.8980146741867066, 1.8683822226524354, 1.8762356042861938, 1.8518350505828858, 1.8307276749610901, 1.8008374238014222, 1.7810632753372193, 1.7515556740760803, 1.7196551251411438, 1.6930201935768128, 1.6834624600410462, 1.634844093322754, 1.6418008351325988, 1.579062170982361, 1.5402255749702454, 1.5674536228179932, 1.4725523614883422, 1.4586527609825135, 1.4168951892852784, 1.384129376411438, 1.367095139026642, 1.3323760533332825, 1.2827087688446044, 1.269760718345642, 1.250012044906616, 1.174962899684906, 1.1774599623680115, 1.151685005426407, 1.0841979587078094, 1.0815819585323334, 1.0517161500453949, 1.0141294765472413, 1.0033873724937439, 0.9861439573764801, 0.9434556865692139, 0.9381095504760742, 0.9139176976680755, 0.9052992284297943, 0.8751246500015258, 0.8584775519371033, 0.839911037683487, 0.8404122543334961, 0.834446268081665, 0.7939312028884887, 0.8081725585460663, 0.7870676684379577, 0.7857041275501251, 0.7678030741214752, 0.7647205543518066, 0.7368202424049377, 0.7632555282115936, 0.7303784811496734, 0.7261263370513916, 0.727093985080719, 0.7208254373073578, 0.7213189041614533, 0.7272378444671631, 0.7113064444065094], "accuracies": [10.0, 10.0, 10.0, 10.0, 12.07, 18.32, 18.38, 24.33, 23.89, 27.96, 30.51, 21.03, 38.32, 41.21, 45.05, 51.91, 49.16, 55.67, 62.67, 63.57, 63.74, 66.94, 68.54, 70.85, 72.1, 72.75, 72.48, 72.84], "pruned_num_parameters": 47732003, "strategy": [0.43746364198362936, 0.6524980857413712, 0.29257798525955653, 0.27247750702644674, 0.8269405907880268, 0.23894685517462774, 0.3619522816498126, 0.7595450009506266, 0.5999549842690867, 0.5752414777870324, 0.09903907087400861, 0.30984373901803725, 0.7193259158336558, 0.026000385899133317, 0.05784793619134772], "did_it_train": true}