{"losses": [2.302674231529236, 2.302598295211792, 2.3025879001617433, 2.3025659704208374, 2.3025480842590333, 2.302497873306274, 2.302398920059204, 2.302420053482056, 2.3023478746414185, 2.3020299100875854, 2.3018249034881593, 2.3013657188415526, 2.294053020477295, 2.2427725696563723, 2.1600715351104736, 2.075332374572754, 2.026991591453552, 1.99162367105484, 1.9388856720924377, 1.8972792220115662, 1.8804957103729247, 1.833753068447113, 1.8311434149742127, 1.8070156836509705, 1.707826337814331, 1.6783766651153564, 1.6457094883918761, 1.6030014491081237, 1.5553928422927856, 1.5469029545783997, 1.463495328426361, 1.434018726348877, 1.4126810216903687, 1.3359756517410277, 1.3019843816757202, 1.2707539796829224, 1.1930272006988525, 1.1803490543365478, 1.1490928757190704, 1.0725359475612641, 1.056614397764206, 1.062728464603424, 0.9875416529178619, 0.977832213640213, 0.9471887385845185, 0.9114177858829499, 0.8825531136989594, 0.8829113113880157, 0.8348889064788818, 0.8387543201446533, 0.8056973433494568, 0.7848658180236816, 0.7695833134651184, 0.7747959852218628, 0.7305088877677918, 0.74297975897789, 0.7304328358173371, 0.7141330635547638, 0.7234119153022767, 0.7120627534389495, 0.7077643728256225, 0.6880611789226532, 0.6978459620475769], "accuracies": [10.0, 10.0, 11.8, 14.15, 19.35, 22.97, 29.23, 36.2, 34.86, 40.1, 46.32, 57.94, 58.72, 62.01, 66.5, 66.99, 70.71, 72.39, 72.89, 73.99, 74.48], "pruned_num_parameters": 62839823, "strategy": [0.6870919953943633, 0.5603161313059073, 0.33286044330322323, 0.1852501790318948, 0.5407000632669344, 0.2684434336375122, 0.25987356352043356, 0.3765295442986227, 0.45169387393191945, 0.5886239005673846, 0.08044519689349644, 0.1627430525619718, 0.400283072626311, 0.18511154071329322, 0.5548434730604985], "did_it_train": true}