{"losses": [2.3027075576782225, 2.3025283765792848, 2.3027014446258547, 2.302607593536377, 2.3025963354110717, 2.302623472213745, 2.302596297264099, 2.3026098680496214, 2.3025961542129516, 2.302552537918091, 2.3026294565200804, 2.3026314878463747, 2.3025695133209227, 2.3025067758560183, 2.3026749897003174, 2.3024858617782593, 2.302591142654419, 2.3025120735168456, 2.302492370605469, 2.302560338973999, 2.302509756088257, 2.302345299720764, 2.302428889274597, 2.3024407911300657, 2.3022362852096556, 2.302194051742554, 2.302095708847046, 2.301812138557434, 2.301614170074463, 2.301174831390381, 2.2993111276626585, 2.29544499874115, 2.2768717432022094, 2.1304788637161254, 2.087557201385498, 2.028149540424347, 1.9443798303604125, 1.9170434427261354, 1.8354381251335143, 1.8039127206802368, 1.76107745885849, 1.7150251531600953, 1.6687190532684326, 1.6482868385314942, 1.6278687071800233, 1.581991331577301, 1.5747354292869569, 1.5514113593101502, 1.494649531841278, 1.4635847973823548, 1.432229881286621, 1.393727614879608, 1.3733698916435242, 1.3357183265686035, 1.2875024843215943, 1.2840987706184388, 1.2602281951904297, 1.2330210208892822, 1.1983060121536255, 1.1960163974761964, 1.1659953022003173, 1.1560099744796752, 1.1326573204994201, 1.1238734388351441, 1.1271202206611632, 1.1028907787799835, 1.087784309387207, 1.0810614585876466, 1.115674420595169], "accuracies": [10.0, 10.0, 10.0, 14.97, 10.0, 10.0, 10.0, 13.65, 14.77, 17.95, 20.7, 24.97, 29.39, 32.02, 39.94, 41.53, 48.55, 49.32, 54.25, 57.1, 58.47, 59.12, 59.68], "pruned_num_parameters": 57298988, "strategy": [0.3543517485115437, 0.16785841504386845, 0.7792282671360504, 0.7610103273936684, 0.33686404029497663, 0.3143552488610733, 0.21035381430182165, 0.791694076928435, 0.5937849508171088, 0.12603352181062463, 0.5514619537180511, 0.031474798579695394, 0.08734418544191769, 0.4767813518126497, 0.7382428376557515], "did_it_train": true}