{"losses": [2.302659649848938, 2.3025846672058106, 2.3025630712509155, 2.3026668787002564, 2.30256489276886, 2.3026160478591917, 2.3026254606246948, 2.3025507164001464, 2.302618761062622, 2.302591714859009, 2.302551679611206, 2.3026288890838624, 2.3025854635238647, 2.302656345367432, 2.302637939453125, 2.3025467729568483, 2.3026660203933718, 2.3026683139801025, 2.302618284225464, 2.3026566648483278, 2.3026474952697753, 2.3025921249389647, 2.302646532058716, 2.3027120065689086, 2.3026155471801757, 2.3026989698410034, 2.3026182556152346, 2.3026613903045656, 2.302625584602356, 2.3026771783828734, 2.302613391876221, 2.302626395225525, 2.3027340841293333, 2.302627305984497, 2.3026431369781495, 2.3026248741149904, 2.302525730133057, 2.3026512479782104, 2.302560234069824, 2.30256019115448, 2.3026736211776733, 2.3025986433029173, 2.3025898790359496, 2.302524280548096, 2.302636561393738, 2.302459325790405, 2.302614893913269, 2.3026118421554567, 2.302493543624878, 2.3024445962905884, 2.30254487991333, 2.3024175119400025, 2.3023951148986814, 2.3023461627960207, 2.302156858444214, 2.302130308151245, 2.301975426673889, 2.3013898229598997, 2.3010772037506104, 2.3001966094970703, 2.293417935371399, 2.257908334732056, 2.181263189315796, 2.105814161300659, 2.061502079963684, 2.0176539182662965, 1.9723906707763672, 1.9165141630172728, 1.9198999643325805, 1.8848992991447449, 1.8804350352287293, 1.8696694803237914, 1.8633936762809753, 1.8388898181915283, 1.8681566691398621, 1.838726785182953, 1.8365661025047302, 1.8303117060661316, 1.821720359325409, 1.8234822487831115, 1.813788046836853, 1.7945845007896424, 1.7918856525421143, 1.7647350430488586, 1.726927227973938, 1.7208319211006164, 1.688913562297821, 1.6670842027664186, 1.6769340419769287, 1.6447039294242858, 1.6234522080421447, 1.6351299905776977, 1.5841135501861572, 1.5986314511299133, 1.5824742531776428, 1.5611749243736268, 1.552610332965851, 1.5290373802185058, 1.5430899739265442, 1.5234782028198242, 1.5073856830596923, 1.5027338910102843, 1.4853779911994933, 1.4661495780944824, 1.4684544134140014, 1.4418265843391418, 1.4409011960029603, 1.449371702671051, 1.4216772961616515, 1.4201871037483216, 1.4296564054489136, 1.4209160971641541, 1.4017980313301086, 1.412546513080597, 1.402196888923645, 1.4136082053184509, 1.4137547636032104, 1.413580048084259, 1.4007620739936828, 1.3753905820846557], "accuracies": [10.0, 10.0, 10.0, 10.0, 10.0, 10.0, 10.0, 10.0, 10.0, 10.0, 10.0, 10.0, 10.0, 10.0, 12.12, 10.0, 12.08, 10.0, 12.74, 16.36, 18.67, 20.13, 22.02, 23.64, 26.43, 26.9, 28.6, 32.46, 31.86, 32.92, 37.91, 39.02, 41.48, 42.41, 40.33, 44.85, 44.71, 45.61, 46.04, 46.0], "pruned_num_parameters": 33998793, "strategy": [0.3020717227065351, 0.8269030736361849, 0.7146350372176409, 0.7468507898238912, 0.5269514579240884, 0.5926336761923474, 0.5233912301294068, 0.5940591955357546, 0.3789950418767249, 0.8248869682302507, 0.7157962799599276, 0.8073289966996917, 0.4142667069793009, 0.5303327397334953, 0.5162456009954244], "did_it_train": true}