{"losses": [2.302683777809143, 2.3026342725753786, 2.302534418106079, 2.302510213851929, 2.302541813850403, 2.3025859594345093, 2.302428431510925, 2.3024668216705324, 2.302450566291809, 2.302265658378601, 2.302123227119446, 2.3020065116882322, 2.300785851478577, 2.29867271900177, 2.2780102634429933, 2.1451560831069947, 2.0893146419525146, 2.0227395701408386, 1.9263167572021485, 1.9384006810188295, 1.882393696308136, 1.878932020664215, 1.866608006954193, 1.848959186077118, 1.8087794518470763, 1.7772557926177979, 1.7542979216575623, 1.7065461468696594, 1.686600935459137, 1.677416274547577, 1.6317497611045837, 1.6681876397132873, 1.5539788961410523, 1.5246103143692016, 1.493071241378784, 1.433471097946167, 1.4023537468910217, 1.378035740852356, 1.3178772139549255, 1.2744215440750122, 1.2585305070877075, 1.194151930809021, 1.1536078763008117, 1.092323409318924, 1.07601823925972, 1.0226384723186492, 1.0089710402488707, 0.9891493749618531, 0.949732711315155, 0.9324574899673462, 0.9125080037117005, 0.8956380534172058, 0.8474292230606079, 0.8550560939311981, 0.8427743732929229, 0.8111393904685974, 0.8106447792053223, 0.7958343386650085, 0.7834616661071777, 0.7449742245674134, 0.7500537812709809, 0.7420285093784332, 0.7212258768081665, 0.702150456905365, 0.6990033328533173, 0.700663936138153, 0.6841830658912659, 0.6800875949859619, 0.6812539851665497, 0.6738946259021759, 0.661453720331192, 0.6784885203838349], "accuracies": [10.0, 10.03, 10.0, 15.81, 19.04, 24.42, 24.6, 27.97, 33.5, 39.2, 39.0, 47.82, 51.77, 56.33, 58.74, 60.9, 65.31, 69.67, 69.3, 72.09, 73.19, 73.42, 74.22, 74.44], "pruned_num_parameters": 55076308, "strategy": [0.17282722929287753, 0.5357483473336274, 0.14544641485793552, 0.2176028902246233, 0.5846689197465471, 0.6656511347454185, 0.7109124220262997, 0.4669952797661568, 0.37182392260963343, 0.0996887332297734, 0.4832299642129843, 0.3861498334755439, 0.034319061872926694, 0.5711149582695918, 0.08723526188563004], "did_it_train": true}