{"losses": [2.3026079511642457, 2.3025992584228514, 2.3025743627548216, 2.302563109397888, 2.30265070438385, 2.302620320320129, 2.302554750442505, 2.302674608230591, 2.302605986595154, 2.302581577301025, 2.3026046323776246, 2.302616629600525, 2.3025424242019654, 2.3025579595565797, 2.302639594078064, 2.302479958534241, 2.3025136375427246, 2.302599868774414, 2.3024296951293945, 2.3024488639831544, 2.3024470233917236, 2.302165536880493, 2.302074222564697, 2.30207284450531, 2.300967073440552, 2.2997179365158082, 2.2947964000701906, 2.1824423599243166, 2.1364648294448854, 2.0764485502243044, 1.9851614761352538, 1.942676100730896, 1.9176129174232484, 1.8847728157043457, 1.8750642156600952, 1.8581519103050232, 1.8511745500564576, 1.8354177403450012, 1.8302648639678956, 1.8127182221412659, 1.7983089971542359, 1.796461124420166, 1.7545148611068726, 1.7233002829551696, 1.7192671346664428, 1.678592939376831, 1.6502462649345397, 1.635896258354187, 1.6145034861564636, 1.6103425049781799, 1.6012501525878906, 1.5735427689552308, 1.590610864162445, 1.578153133392334], "accuracies": [10.0, 10.0, 10.0, 11.8, 10.0, 10.0, 11.99, 14.22, 15.66, 18.8, 22.54, 22.9, 26.78, 29.72, 29.41, 35.59, 37.02, 37.16], "pruned_num_parameters": 76484154, "strategy": [0.04177692337630462, 0.8146461570554742, 0.7232002568741296, 0.16722224033405075, 0.3041929656569748, 0.3635621739017676, 0.6851047155957019, 0.5345875438188944, 0.05062780440948975, 0.632801176455155, 0.6034607872792641, 0.892571869355116, 0.09844353892692552, 0.3143228468477147, 0.17044756237956346], "did_it_train": true}