{"losses": [2.3026721382141115, 2.302663164138794, 2.3025983667373655, 2.302597665786743, 2.302611355781555, 2.3026453685760497, 2.3025728130340575, 2.302608776092529, 2.3026506996154783, 2.3025887632369995, 2.302672061920166, 2.3026403903961183, 2.302613167762756, 2.3026603174209597, 2.3026089477539062, 2.302601752281189, 2.3026790523529055, 2.3026419925689696, 2.3025643825531006, 2.3026539134979247, 2.3026691484451294, 2.30253559589386, 2.3026167440414427, 2.30270094871521, 2.3025455474853516, 2.302653317451477, 2.302601628303528, 2.302571530342102, 2.3026062726974486, 2.302623839378357, 2.302588310241699, 2.30257483959198, 2.3026061058044434, 2.3024442863464354, 2.3025519609451295, 2.3025679111480715, 2.3024423789978026, 2.3024902725219727, 2.3024228286743162, 2.3022894191741945, 2.3022173547744753, 2.3022034549713135, 2.301682252883911, 2.3016268396377564, 2.3010612773895263, 2.29806535243988, 2.2880465745925904, 2.235244002342224, 2.1361828899383544, 2.107881784439087, 2.0442521476745608, 1.9491472125053406, 1.9241592931747435, 1.913508734703064, 1.8842006874084474, 1.8685507130622865, 1.8591736960411072, 1.8530856227874757, 1.8367226672172547, 1.83988214969635, 1.814410526752472, 1.8178947401046752, 1.8135289335250855, 1.8073378896713257, 1.7927919340133667, 1.7858399915695191, 1.7735341382026673, 1.7685688471794128, 1.7726682472229003, 1.7576955270767212, 1.7573021960258484, 1.7451463842391968, 1.7338280916213988, 1.7268471145629882, 1.7373153972625732, 1.7238302755355834, 1.719812798500061, 1.7218991136550903], "accuracies": [10.0, 10.0, 10.0, 10.0, 10.0, 10.0, 10.0, 10.0, 10.16, 10.0, 11.66, 12.82, 12.28, 14.45, 15.62, 18.39, 19.65, 21.26, 23.56, 24.66, 25.93, 28.58, 28.03, 30.31, 31.92, 32.32], "pruned_num_parameters": 52342436, "strategy": [0.5122966970548093, 0.36412986111405515, 0.0036006230672834707, 0.5066177833823359, 0.09615788796024398, 0.8492004925813501, 0.6640347555426477, 0.2528047545591325, 0.3809404611812886, 0.8299998955388798, 0.7950074594694179, 0.5798992947318032, 0.43256510441061763, 0.20332696052891572, 0.7800099456093389], "did_it_train": true}