{"losses": [2.3025881671905517, 2.3026346921920777, 2.3026201009750364, 2.302603154182434, 2.302560133934021, 2.3027317094802857, 2.30255539894104, 2.3026185131072996, 2.3025931024551394, 2.3025894355773926, 2.302599425315857, 2.302641959190369, 2.302579889297485, 2.3026531410217284, 2.302647762298584, 2.30258722782135, 2.302629408836365, 2.302701458930969, 2.3025770473480223, 2.3027216005325317, 2.3026336431503296, 2.3025680685043337, 2.3027003526687624, 2.302615342140198, 2.3026410341262817, 2.302652006149292, 2.3026328325271606, 2.302554988861084, 2.3026023530960082, 2.302701964378357, 2.302611131668091, 2.302593274116516, 2.3026707792282104, 2.3025447273254396, 2.3025865650177, 2.3026606369018556, 2.3025239944458007, 2.3026026010513307, 2.302666277885437, 2.3025039863586425, 2.302526526451111, 2.302589149475098, 2.3024708366394044, 2.3025259304046632, 2.302436656951904, 2.3023567724227907, 2.3024044466018676, 2.302329587936401, 2.3021633672714232, 2.3020947265625, 2.301977443695068, 2.3015237045288086, 2.3010644149780273, 2.3004038953781127, 2.295733242034912, 2.27368278503418, 2.191346173286438, 2.096727271080017, 2.033909013271332, 1.9920373678207397, 1.9518724513053893, 1.9070544028282166, 1.8993388295173645, 1.8791605472564696, 1.8804947304725648, 1.8716234374046326, 1.8432748770713807, 1.8478131461143494, 1.8430893993377686, 1.8218451046943664, 1.8444204425811768, 1.8208776545524596, 1.798526623249054, 1.8123244285583495, 1.8041346383094787, 1.7797551774978637, 1.768593442440033, 1.7490594816207885, 1.7133393621444701, 1.678464093208313, 1.663227415084839, 1.617883439064026, 1.6017118453979493, 1.571291868686676, 1.5275283098220824, 1.5289489555358886, 1.5121956944465638, 1.4866320133209228, 1.4767940735816956, 1.4738966727256775, 1.444010281562805, 1.4319589591026307, 1.4354136538505555, 1.4021525478363037, 1.4088915657997132, 1.420728669166565, 1.3979365777969361, 1.389992859363556, 1.3934723806381226, 1.3966161298751831, 1.3755574226379395, 1.3616817283630371, 1.3817239475250245, 1.3695452857017516, 1.3724767780303955], "accuracies": [10.0, 10.0, 10.0, 13.53, 10.0, 10.0, 10.0, 10.0, 10.0, 10.0, 10.0, 10.0, 10.0, 10.0, 10.0, 13.76, 15.19, 16.55, 18.75, 20.35, 23.64, 25.7, 25.65, 27.4, 30.23, 33.28, 34.33, 39.38, 41.87, 44.11, 43.74, 44.89, 45.58, 46.21, 46.07], "pruned_num_parameters": 38414494, "strategy": [0.36510500212419833, 0.6925852810760245, 0.35946146088085795, 0.7584700960764545, 0.6047634980218757, 0.6997586074775612, 0.8512800741155131, 0.3258279736382505, 0.6178018725564096, 0.3245677043332518, 0.790965792288987, 0.852395076168456, 0.45558604434622896, 0.44232752497304567, 0.45945441406506904], "did_it_train": true}