{"losses": [2.3025268745422363, 2.3026584815979003, 2.302600107192993, 2.3024562788009644, 2.3025354290008546, 2.3025460052490234, 2.3023765087127686, 2.3022126293182374, 2.3023501205444337, 2.301799955368042, 2.301558175086975, 2.3008333969116213, 2.265845708847046, 2.169505295753479, 2.073383433818817, 1.9997800874710083, 1.9490626239776612, 1.9263851499557496, 1.8556185030937196, 1.8270669102668762, 1.7925484323501586, 1.685783851146698, 1.662123920917511, 1.6096039032936096, 1.5584432125091552, 1.5109146523475647, 1.471724877357483, 1.404126045703888, 1.3546579146385194, 1.352684087753296, 1.2501874685287475, 1.2314523029327393, 1.2091288733482362, 1.1557051455974579, 1.1177934873104096, 1.0824730169773102, 1.0453068554401397, 1.0076995086669922, 0.9956460821628571, 0.9475827097892762, 0.9032750582695007, 0.9096503305435181, 0.8694796442985535, 0.8443866670131683, 0.8284120440483094, 0.8039535748958587, 0.7847121274471283, 0.7702338480949402, 0.7559790074825287, 0.7280748403072357, 0.7171814167499542, 0.6919240951538086, 0.7005514454841614, 0.7009732210636139, 0.6842560660839081, 0.6786356854438782, 0.6730502915382385], "accuracies": [10.0, 10.0, 10.0, 19.23, 20.13, 27.75, 36.98, 37.14, 48.8, 49.98, 57.57, 62.42, 64.78, 66.96, 68.44, 71.61, 74.28, 75.24, 75.5], "pruned_num_parameters": 69494282, "strategy": [0.6158959140445938, 0.1539544279916875, 0.794342917262285, 0.1294444052010696, 0.1471745638993092, 0.49560962894657634, 0.10471789013258752, 0.24136700073991205, 0.45426683107331517, 0.3029204962690783, 0.06455196571205465, 0.5209296807691152, 0.11648527946682681, 0.3958679777192891, 0.2513638738339967], "did_it_train": true}