{"losses": [2.3026142168045043, 2.302650203704834, 2.302634553909302, 2.302647089958191, 2.302611026763916, 2.3026494455337523, 2.302502679824829, 2.3027401113510133, 2.3026229190826415, 2.3024560976028443, 2.302682566642761, 2.3026391887664794, 2.302482843399048, 2.3026645135879518, 2.302551579475403, 2.3025321674346926, 2.3025392961502074, 2.3025231885910036, 2.3024039173126223, 2.30239004611969, 2.3023904371261597, 2.3021624183654783, 2.302124400138855, 2.302060074806213, 2.301550922393799, 2.3012609577178953, 2.300589189529419, 2.295391092300415, 2.2783779859542848, 2.1598493385314943, 2.018447895050049, 1.9684241461753844, 1.9420475769042969, 1.892297396659851, 1.893445498943329, 1.8783155727386474, 1.865715935230255, 1.8494633960723876, 1.855180540084839, 1.8232342934608459, 1.8292316198349, 1.8124746990203857, 1.7675192046165467, 1.743576056957245, 1.7281381225585937, 1.6991348624229432, 1.6823829221725464, 1.6827702593803406, 1.6669925141334534, 1.662457947731018, 1.6432823586463927, 1.6461494326591493, 1.6453595685958862, 1.6371260595321655], "accuracies": [10.0, 10.0, 11.2, 10.0, 13.29, 10.0, 13.23, 10.09, 17.07, 17.46, 22.01, 24.78, 25.82, 29.82, 32.75, 35.21, 36.61, 36.47], "pruned_num_parameters": 74382059, "strategy": [0.7554191526378917, 0.848023496245458, 0.38578362563679897, 0.17681761429188317, 0.736356259992746, 0.4778986635276037, 0.7143533134090351, 0.40691117922560305, 0.33633808327814296, 0.7359119896017609, 0.6551954780878043, 0.27968396700658354, 0.17306428781682756, 0.2922871760744507, 0.142424937478023], "did_it_train": true}