{"losses": [2.3025738620758056, 2.3026339864730834, 2.30261971950531, 2.3025779247283937, 2.3026190423965454, 2.302638154029846, 2.302595715522766, 2.302560214996338, 2.302678418159485, 2.3025627374649047, 2.302588200569153, 2.30261004447937, 2.302534999847412, 2.3024471473693846, 2.302606782913208, 2.3023848295211793, 2.3024671125411986, 2.302460570335388, 2.302224192619324, 2.3022513437271117, 2.302128791809082, 2.301590323448181, 2.301227498054504, 2.3005414628982543, 2.2954365825653076, 2.27503219127655, 2.1881266260147094, 2.064912462234497, 1.9932596611976623, 1.9544569802284242, 1.9063575744628907, 1.8737589931488037, 1.9012609696388245, 1.8459363555908204, 1.8441876578330993, 1.817669816017151, 1.7629123210906983, 1.731913058757782, 1.7273267555236815, 1.6971282625198365, 1.659669704437256, 1.6448662519454955, 1.604804027080536, 1.5994700956344605, 1.5884027314186095, 1.5491396045684815, 1.533037645816803, 1.519415752887726, 1.520983498096466, 1.5086506056785582, 1.5059217309951782], "accuracies": [10.0, 10.0, 10.0, 10.0, 10.08, 10.0, 13.93, 15.38, 17.89, 19.85, 24.04, 29.79, 32.25, 37.48, 39.01, 40.78, 41.06], "pruned_num_parameters": 78157645, "strategy": [0.6699872843528233, 0.07199716751908974, 0.7425224100483911, 0.771937175451651, 0.28551044287422084, 0.7328792091187137, 0.16652721459894096, 0.798576033745664, 0.645190584045303, 0.4909820825033327, 0.11082444872485268, 0.7219121257174543, 0.16633120171339782, 0.23606177419577543, 0.27180775941156066], "did_it_train": true}