{"losses": [2.3027291250228883, 2.3025819635391236, 2.3026047229766844, 2.3025718450546266, 2.3026281642913817, 2.302661352157593, 2.302609748840332, 2.3026016759872436, 2.3026415061950685, 2.3025939512252807, 2.302639012336731, 2.3026182079315185, 2.3026095724105833, 2.3026501083374025, 2.302614231109619, 2.3025577592849733, 2.302738904953003, 2.302693495750427, 2.30255380153656, 2.30275671005249, 2.3026421642303467, 2.302588076591492, 2.302734112739563, 2.302640266418457, 2.3026253747940064, 2.302629771232605, 2.3027389812469483, 2.302581024169922, 2.302720069885254, 2.3027164125442505, 2.3025404024124145, 2.3026553106307985, 2.302724394798279, 2.30262752532959, 2.3026257514953614, 2.302753596305847, 2.3026487922668455, 2.302612752914429, 2.3026739025115965, 2.3025786876678467, 2.302738652229309, 2.3026750755310057, 2.3025095653533936, 2.3027669048309325, 2.3026518058776855, 2.3024955415725707, 2.3026997327804564, 2.3026720571517942, 2.302594556808472, 2.3026327896118164, 2.3027044630050657, 2.30256094455719, 2.30255615234375, 2.30269953250885, 2.3025565147399902, 2.3027178478240966, 2.3026188611984253, 2.302578592300415, 2.3026407766342163, 2.302642002105713, 2.302594771385193, 2.3025836086273195, 2.302645664215088, 2.302592740058899, 2.3025923681259157, 2.3025885677337645, 2.3025835943222046, 2.3025356340408325, 2.302638974189758, 2.3025355243682863, 2.302616124153137, 2.302606019973755, 2.302527179718018, 2.3025987482070924, 2.302631769180298, 2.302541284561157, 2.302562656402588, 2.3025315189361573, 2.3025169467926023, 2.30255690574646, 2.3025613832473755, 2.3025247764587404, 2.3025407505035402, 2.3025086879730225, 2.302482876777649, 2.3025554895401, 2.302519154548645, 2.3024339199066164, 2.3025204277038576, 2.3025529861450194, 2.3024598026275633, 2.302486777305603, 2.3024952888488768, 2.3024542045593264, 2.3024509239196775, 2.302463617324829, 2.302445440292358, 2.302451515197754, 2.3024488210678102, 2.302432813644409, 2.302445068359375, 2.302446069717407, 2.3024323558807374, 2.3024441528320314, 2.3024368047714234, 2.3024367189407347, 2.3024368906021118, 2.3024283266067505], "accuracies": [10.0, 10.0, 10.0, 10.0, 10.0, 10.0, 10.0, 10.0, 10.0, 10.0, 10.0, 10.0, 10.0, 10.0, 10.0, 10.0, 10.0, 10.0, 10.0, 10.0, 10.0, 10.0, 10.03, 10.0, 10.0, 16.72, 10.0, 14.59, 10.0, 10.08, 10.0, 13.9, 12.87, 15.37, 15.85, 15.95], "pruned_num_parameters": 37009316, "strategy": [0.8967788074173217, 0.3190026585760178, 0.574126986405737, 0.6946064621220255, 0.5535342315629581, 0.6442223731633421, 0.37432264150770517, 0.5172587854936641, 0.3092497524725753, 0.7043070059610607, 0.89758971880582, 0.8609477568153645, 0.46041003598941566, 0.4649275251829519, 0.4295651315568727], "did_it_train": true}