{"losses": [2.302671012878418, 2.302588562965393, 2.302672529220581, 2.3026082134246826, 2.30260883808136, 2.3025973653793335, 2.302548213005066, 2.3025950813293456, 2.3026170206069945, 2.3025051164627075, 2.3025079917907716, 2.302561674118042, 2.3023957633972167, 2.302472167015076, 2.3023715591430665, 2.3019735383987427, 2.302037205696106, 2.301555624008179, 2.297988648414612, 2.265329942703247, 2.180907869338989, 2.1051922750473024, 2.062230198383331, 2.006108493804932, 1.9579645657539368, 1.930802960395813, 1.9107855176925659, 1.8883010387420653, 1.8828855299949645, 1.8820801520347594, 1.8548807525634765, 1.8281869196891785, 1.7960015153884887, 1.7470595049858093, 1.7403875017166137, 1.7359043598175048, 1.70155122756958, 1.6767866349220275, 1.6474416112899781, 1.6279363775253295, 1.5961552596092223, 1.5789309763908386, 1.5405415105819702, 1.5166194701194764, 1.4673334789276122, 1.4099252653121948, 1.4037677669525146, 1.3461482262611388, 1.2949149799346924, 1.2577633142471314, 1.228132302761078, 1.19771635055542, 1.1748800373077393, 1.1512213480472564, 1.138939883708954, 1.1036449551582337, 1.100666137933731, 1.0571887767314911, 1.0695833706855773, 1.0765871131420135, 1.04637686252594, 1.0528470003604888, 1.055983428955078], "accuracies": [10.0, 10.0, 10.0, 11.24, 10.0, 14.59, 18.64, 17.99, 23.71, 24.5, 29.95, 33.82, 37.01, 37.32, 40.85, 49.7, 56.39, 59.39, 61.47, 61.86, 62.58], "pruned_num_parameters": 63688499, "strategy": [0.7133361528246669, 0.8581041272861003, 0.05885060987867421, 0.21762046720960812, 0.7059887622087053, 0.48539212171420676, 0.3713256045963082, 0.3680641407503321, 0.2725770580284621, 0.09328797896739148, 0.16294428964960933, 0.803292002293484, 0.20047252928150971, 0.3633175576404973, 0.5071780884265303], "did_it_train": true}