{"losses": [2.302703046798706, 2.302648591995239, 2.3026017856597902, 2.302639617919922, 2.3026081228256228, 2.302662720680237, 2.302576184272766, 2.3026347494125368, 2.30267204284668, 2.3025858068466185, 2.302642946243286, 2.302617769241333, 2.3026110124588013, 2.302601056098938, 2.3025903034210207, 2.3025946283340453, 2.3026724004745485, 2.302606153488159, 2.302619252204895, 2.302606587409973, 2.302682294845581, 2.3025668096542358, 2.3027382850646974, 2.302627420425415, 2.302511410713196, 2.3027591133117675, 2.302666730880737, 2.3025576400756838, 2.302642593383789, 2.3026667642593384, 2.30250771522522, 2.302783522605896, 2.302625741958618, 2.3025175666809083, 2.3026619386672973, 2.302694420814514, 2.302541069984436, 2.3025693130493163, 2.302672553062439, 2.302546272277832, 2.302513222694397, 2.3026023864746095, 2.302513828277588, 2.302483162879944, 2.3025093412399293, 2.302424874305725, 2.302367310523987, 2.3023859024047852, 2.3021970129013063, 2.3021356105804442, 2.301847023963928, 2.3006612491607665, 2.2982623958587647, 2.281820616722107, 2.1709216594696046, 2.1462488651275633, 2.1172302293777467, 2.0346472668647766, 1.9835662746429443, 1.950571267604828, 1.9136319637298584, 1.9089031577110291, 1.8808294939994812, 1.8677260875701904, 1.8674434733390808, 1.8605283212661743, 1.8568459248542786, 1.8309895181655884, 1.8219844555854798, 1.8167190432548523, 1.8140506887435912, 1.791101324558258, 1.7850059151649476, 1.7656773018836975, 1.7447954869270326, 1.705908672809601, 1.6836444520950318, 1.6485254907608031, 1.6219471025466918, 1.5612716460227967, 1.5412576484680176, 1.4919331526756288, 1.4925154948234558, 1.4758595848083496, 1.443079607486725, 1.4308532762527466, 1.4025078797340393, 1.3793564057350158, 1.368012137413025, 1.3536076307296754, 1.317359104156494, 1.3244413590431214, 1.2920535445213317, 1.28627108335495, 1.256346127986908, 1.2746409368515015, 1.255691282749176, 1.237917218208313, 1.2288706064224244, 1.2115615487098694, 1.2232377481460572, 1.2264186906814576, 1.2191256618499755, 1.209944989681244, 1.2090475010871886], "accuracies": [10.0, 10.0, 10.0, 10.39, 10.0, 12.71, 10.0, 10.0, 10.0, 10.0, 10.0, 10.0, 10.0, 10.0, 10.11, 15.39, 15.15, 16.67, 16.99, 21.75, 23.47, 25.24, 26.25, 26.3, 29.32, 36.84, 39.64, 44.22, 47.46, 48.77, 50.05, 52.24, 53.56, 53.48, 53.93], "pruned_num_parameters": 38477078, "strategy": [0.7622288484688963, 0.055175450743965605, 0.44975115586865916, 0.3432887411272863, 0.3644252015866596, 0.6204972368055972, 0.21886010033473127, 0.22408894017494452, 0.7512767752755967, 0.6534374074885843, 0.8086147755603451, 0.14983542550382137, 0.09403961096808938, 0.6421619285972222, 0.8553127387030494], "did_it_train": true}