{"losses": [2.3027010107040407, 2.302633829116821, 2.3025998973846438, 2.302608542442322, 2.3026914596557617, 2.302530884742737, 2.3026743602752684, 2.3025636148452757, 2.3026620817184447, 2.302616443634033, 2.3025694131851195, 2.302639207839966, 2.302579417228699, 2.3025877332687377, 2.3025778579711913, 2.3025731897354125, 2.3025470924377442, 2.302603831291199, 2.3024546098709107, 2.3025751543045043, 2.3025604391098025, 2.302389717102051, 2.3023578357696532, 2.30256564617157, 2.3022328567504884, 2.3019740056991576, 2.3020323944091796, 2.3003857421875, 2.2951642656326294, 2.2542476749420164, 2.13762891292572, 2.114265356063843, 2.071003692150116, 1.9635131573677063, 1.949178969860077, 1.916854887008667, 1.9183392667770385, 1.8791055870056153, 1.8838400316238404, 1.8682458472251893, 1.8483159995079042, 1.8445352482795716, 1.7994138431549072, 1.8217508268356324, 1.7860269021987916, 1.719047589302063, 1.720920045375824, 1.693662109375, 1.6499733304977418, 1.636668770313263, 1.606272759437561, 1.572573561668396, 1.5500798082351686, 1.5006550455093384, 1.699422299861908, 1.6026338815689087, 1.544489769935608, 1.495247211456299, 1.4541135907173157, 1.4251461958885192, 1.393164699077606, 1.350867314338684, 1.3356121206283569, 1.2685101103782654, 1.2568288779258727, 1.2413607406616212, 1.1898466897010804, 1.1846854710578918, 1.1354324698448182, 1.0952451074123382, 1.06918532371521, 1.0409115934371949, 0.9722217166423798, 0.9858680546283722, 0.956989529132843, 0.9012800109386444, 0.896608567237854, 0.8861088871955871, 0.8473748385906219, 0.8370565128326416, 0.8177266240119934, 0.779468367099762, 0.7645360565185547, 0.7879114007949829, 0.746661536693573, 0.7460447478294373, 0.7409418714046478, 0.7078109788894653, 0.7004944038391113, 0.6996300113201142, 0.6619961273670196, 0.6793836843967438, 0.6670568799972534, 0.6394400441646576, 0.632758994102478, 0.6372684264183044, 0.6144541716575622, 0.6374482119083404, 0.5954601746797562, 0.5932855504751205, 0.5945140713453293, 0.5869654816389084, 0.565701602101326, 0.5707481527328491, 0.5692107725143433, 0.5611609786748886, 0.5620120596885682, 0.5595413661003112, 0.5595065349340439, 0.5456032001972199, 0.5601130533218384], "accuracies": [10.0, 10.0, 10.0, 10.0, 10.0, 10.0, 10.0, 10.0, 10.8, 18.13, 20.04, 22.13, 23.06, 25.48, 32.8, 28.93, 36.55, 30.39, 43.7, 47.08, 51.76, 55.84, 57.22, 62.29, 61.8, 69.62, 70.83, 71.66, 72.63, 75.39, 75.93, 75.85, 77.42, 77.73, 78.11, 78.22, 78.37], "pruned_num_parameters": 36657332, "strategy": [0.24174541673565478, 0.4937095950065577, 0.45308044457098845, 0.3476541657197706, 0.049519336005944735, 0.14907303626042237, 0.6677658124048171, 0.04359735716957036, 0.5203916375093616, 0.6995393167977917, 0.8931978805192642, 0.09781368428664915, 0.6059646599745369, 0.23844731023347568, 0.8502735583622637], "did_it_train": true}