{"losses": [2.3025754499435425, 2.302571611404419, 2.3026480722427367, 2.3026041412353515, 2.3026370716094973, 2.302620544433594, 2.302578229904175, 2.3026044511795045, 2.30265287399292, 2.302538800239563, 2.3026233863830567, 2.3026715230941774, 2.302586750984192, 2.3026027345657347, 2.302671914100647, 2.302500047683716, 2.3026150274276733, 2.3026798820495604, 2.302519540786743, 2.3025892686843874, 2.3026097059249877, 2.302517309188843, 2.302502155303955, 2.3024645614624024, 2.3023324394226075, 2.302403602600098, 2.302275218963623, 2.3020475196838377, 2.3019179821014406, 2.301647119522095, 2.300423254966736, 2.298735384941101, 2.292795729637146, 2.1473739624023436, 2.091939854621887, 2.0312639379501345, 1.9536596369743346, 1.9248054933547973, 1.9109891247749329, 1.8907389211654664, 1.8769347763061524, 1.866962640285492, 1.84722891330719, 1.8549819779396057, 1.8206943655014038, 1.8057350039482116, 1.7657508325576783, 1.7431057786941528, 1.722350537776947, 1.6890614080429076, 1.690695242881775, 1.6558625102043152, 1.6054670667648316, 1.5979118466377258, 1.5589467263221741, 1.5477146339416503, 1.515596227645874, 1.4809364795684814, 1.4677642178535462, 1.4582006001472474, 1.4163061690330505, 1.4006548810005188, 1.3835547804832458, 1.3456528401374817, 1.367937502861023, 1.3486286759376527, 1.352183346748352, 1.330266890525818, 1.3267408514022827], "accuracies": [10.0, 10.0, 10.0, 10.0, 10.0, 10.0, 13.61, 10.04, 13.22, 17.6, 17.66, 19.47, 22.49, 25.24, 28.89, 29.88, 37.6, 37.48, 42.79, 43.6, 46.26, 48.78, 49.59], "pruned_num_parameters": 59395579, "strategy": [0.5595936604713158, 0.4878996254234456, 0.5008038272286379, 0.1898497763035274, 0.8817562782768795, 0.3313527085346128, 0.7726898497913118, 0.017712546618846515, 0.31333893216625036, 0.8487737926885927, 0.22985741699062767, 0.6761222113574035, 0.11284474612071867, 0.4446243445328225, 0.47775333021887784], "did_it_train": true}