{"losses": [2.30262047290802, 2.30265061378479, 2.3026106262207033, 2.302622718811035, 2.3026621198654174, 2.302624535560608, 2.302650799751282, 2.3026169872283937, 2.3026233816146853, 2.3026226282119753, 2.302635087966919, 2.3026534700393677, 2.302609519958496, 2.302634906768799, 2.302710967063904, 2.3025616788864136, 2.302609000205994, 2.3027461671829226, 2.302627668380737, 2.3026868867874146, 2.3026952171325683, 2.3026313018798827, 2.302657699584961, 2.3026485204696656, 2.3026157665252684, 2.302679543495178, 2.302665238380432, 2.302631850242615, 2.3025264072418214, 2.3027642488479616, 2.3024446058273313, 2.302755479812622, 2.3026917934417725, 2.3025053787231444, 2.302707166671753, 2.30265820980072, 2.302602758407593, 2.302570824623108, 2.3026838064193726, 2.302509274482727, 2.302675461769104, 2.302585344314575, 2.302552509307861, 2.302620739936829, 2.302632188796997, 2.3024921083450316, 2.302586097717285, 2.3027364587783814, 2.3025555419921875, 2.302579789161682, 2.30260281085968, 2.302523288726807, 2.302591290473938, 2.3026155471801757, 2.302532629966736, 2.3025279808044434, 2.3025573682785034, 2.3024911880493164, 2.3025637245178223, 2.3024673318862914, 2.302438316345215, 2.3024368858337403, 2.30259792804718, 2.302439670562744, 2.302427968978882, 2.3024898529052735, 2.3024008893966674, 2.3024583530426024, 2.3024361419677732, 2.3023713636398315, 2.3023854446411134, 2.302382311820984, 2.302326965332031, 2.3023594427108764, 2.302362976074219, 2.302308969497681, 2.3023033809661864, 2.3023333501815797, 2.302291679382324, 2.3022955894470214, 2.3022852659225466, 2.302265582084656, 2.302274537086487, 2.3022802543640135, 2.302276315689087, 2.302271246910095, 2.302262530326843], "accuracies": [10.0, 10.0, 10.0, 10.0, 10.0, 10.0, 10.0, 10.0, 10.0, 10.0, 10.0, 10.0, 12.8, 11.17, 10.0, 10.0, 10.0, 10.01, 10.11, 10.13, 10.0, 10.0, 13.17, 11.31, 16.93, 16.2, 18.39, 17.75, 18.17], "pruned_num_parameters": 46306559, "strategy": [0.6553418745463376, 0.45930115594330123, 0.7902417123711056, 0.4335533373913376, 0.5406582643349094, 0.8014310267500833, 0.7676779533415019, 0.5918945288286219, 0.6550200675936584, 0.4916339720553775, 0.8011129280210989, 0.7149368113620944, 0.38485811801009273, 0.39223117662776463, 0.40935550209505445], "did_it_train": true}