{"losses": [2.3026050233840945, 2.30258918762207, 2.3027288579940794, 2.302636957168579, 2.3025439596176147, 2.3026257705688478, 2.302532296180725, 2.3025279998779298, 2.3025369691848754, 2.3023774147033693, 2.3022842454910277, 2.3022029781341553, 2.301383585929871, 2.3001687574386596, 2.2952739095687864, 2.163509531021118, 2.118785820007324, 2.0671701216697693, 1.9652699613571167, 1.9269378089904785, 1.9179826283454895, 1.9021110939979553, 1.8770213532447815, 1.8724639558792113, 1.8459649395942688, 1.8253197169303894, 1.8197517538070678, 1.807369227409363, 1.7534328746795653, 1.738791913986206, 1.6910079860687255, 1.6566128277778625, 1.6567702174186707, 1.608439450263977, 1.5712362146377563, 1.6071721363067626, 1.495032708644867, 1.4843474459648132, 1.4602376914024353, 1.3939180278778076, 1.3750709891319275, 1.3394306111335754, 1.2884932470321655, 1.2770199227333068, 1.2585826992988587, 1.214762828350067, 1.2100522470474244, 1.1980727052688598, 1.1811782002449036, 1.1763810157775878, 1.1696390748023986], "accuracies": [10.0, 10.28, 10.0, 11.78, 17.77, 22.63, 21.36, 27.17, 26.48, 33.17, 36.24, 41.99, 47.31, 50.88, 53.73, 55.06, 55.89], "pruned_num_parameters": 79767609, "strategy": [0.5432829909799384, 0.4989257410522751, 0.6927132390428226, 0.44378831889208603, 0.42475703282862914, 0.10714837487434128, 0.7454237734175899, 0.8289704548466942, 0.47860708824750336, 0.28159833584080735, 0.03611993978852991, 0.6178289658851369, 0.28038334663298203, 0.11343800590152242, 0.3695052850249554], "did_it_train": true}