{"losses": [2.3025798082351683, 2.302613515853882, 2.3027448987960817, 2.302599034309387, 2.3025492334365847, 2.3025870227813723, 2.3025789976119997, 2.3024948167800905, 2.302682361602783, 2.302495265007019, 2.3025646924972536, 2.3026347875595095, 2.302496299743652, 2.302449951171875, 2.302600173950195, 2.3023251819610597, 2.3024531984329224, 2.302374773025513, 2.3022093057632445, 2.3021314573287963, 2.30195472240448, 2.3013624286651613, 2.3011457443237306, 2.3000415325164796, 2.2922948360443116, 2.2652156066894533, 2.1813712072372438, 2.1781727027893067, 2.0815624809265136, 2.0060311007499694, 1.9482762145996093, 1.9211930966377258, 1.9096773409843444, 1.8853795552253723, 1.8732604527473449, 1.8638169431686402, 1.8347763729095459, 1.818376395702362, 1.7930404734611511, 1.7503642511367798, 1.728992977142334, 1.6845319843292237, 1.6358945202827453, 1.6100754427909851, 1.5773767852783203, 1.5422997975349426, 1.523596272468567, 1.50873459815979, 1.4590929698944093, 1.4511438012123108, 1.4233931493759155, 1.378633940219879, 1.3789645218849182, 1.3640665912628174, 1.3169662714004517, 1.2989849662780761, 1.2938323211669922, 1.2808253645896912, 1.2556202960014344, 1.2439492106437684, 1.2394256258010865, 1.2523378109931946, 1.2274218034744262], "accuracies": [10.0, 10.0, 10.0, 10.14, 10.0, 10.0, 16.95, 15.72, 16.43, 17.87, 21.94, 27.14, 29.91, 33.39, 38.46, 44.04, 46.69, 48.99, 52.07, 53.51, 54.05], "pruned_num_parameters": 64433451, "strategy": [0.4218589590158605, 0.6839076967055585, 0.7032783743607194, 0.5771093305470717, 0.845042085581244, 0.49531691863143806, 0.34948008768186983, 0.009930969030789516, 0.03657708905839018, 0.20339588761610336, 0.59968939382035, 0.823436870388227, 0.039616830066150056, 0.48639488205711306, 0.16035352024343427], "did_it_train": true}