{"losses": [2.30262704372406, 2.302571387290955, 2.3027041578292846, 2.302576289176941, 2.302673692703247, 2.302652521133423, 2.302615213394165, 2.302640447616577, 2.3026927947998046, 2.3025530767440796, 2.302682189941406, 2.3027099561691284, 2.302546863555908, 2.302631530761719, 2.3027223443984983, 2.302574300765991, 2.302705698013306, 2.3025796365737916, 2.3025962829589846, 2.3026682138442993, 2.3026847648620605, 2.302595338821411, 2.3026093864440917, 2.3026060247421265, 2.3026038455963134, 2.302569179534912, 2.302674660682678, 2.3025882339477537, 2.3025732326507566, 2.30260223865509, 2.302516736984253, 2.3025443267822268, 2.302559971809387, 2.3024907159805297, 2.3025713539123536, 2.3025293493270875, 2.3024689245223997, 2.3025287055969237, 2.302550048828125, 2.3024386501312257, 2.3024500513076784, 2.302572569847107, 2.302449641227722, 2.302463617324829, 2.3024541330337525, 2.3024517107009888, 2.3024490880966186, 2.3024306964874266], "accuracies": [10.0, 10.0, 10.0, 10.0, 10.0, 10.0, 10.0, 10.07, 10.0, 13.92, 10.0, 10.0, 13.73, 11.16, 15.37, 15.42], "pruned_num_parameters": 83395242, "strategy": [0.14627603930690727, 0.7254741731355883, 0.1091637081070631, 0.7241582179504004, 0.2817160801057333, 0.5602282649013871, 0.776880796586434, 0.4945775811031993, 0.5073482782653296, 0.4866478310726164, 0.7532512427037331, 0.1873211719875009, 0.06262911181066626, 0.1965566060129919, 0.8718840876438644], "did_it_train": true}