{"losses": [2.3025986528396607, 2.30262779712677, 2.3025991439819338, 2.3025928592681884, 2.3025980520248415, 2.3026416397094724, 2.3026283836364745, 2.3025618839263915, 2.3026862955093383, 2.3025443744659424, 2.302632746696472, 2.302683501243591, 2.302601866722107, 2.302573127746582, 2.302731866836548, 2.3026098823547363, 2.302675585746765, 2.3026712417602537, 2.302618799209595, 2.302649531364441, 2.302656764984131, 2.3026202630996706, 2.3026745176315306, 2.3026283264160154, 2.302590265274048, 2.3024594593048096, 2.302748761177063, 2.3024997663497926, 2.302552146911621, 2.3027369785308838, 2.3025286865234373, 2.302639799118042, 2.3026698064804076, 2.3025414752960205, 2.3026012325286866, 2.302526664733887, 2.302510676383972, 2.302526144981384, 2.3025393199920656, 2.302385678291321, 2.3025008773803712, 2.3024122524261474, 2.302339859008789, 2.3023362255096433, 2.3023295116424563, 2.302157154083252, 2.302130012512207, 2.3020745706558228, 2.301729097366333, 2.3015978574752807, 2.301545205116272, 2.3008068895339964, 2.3003820991516113, 2.2998679780960085, 2.297775912284851, 2.2960426378250123, 2.2936029386520387, 2.282581672668457, 2.267099685668945, 2.2320132207870484, 2.1665292978286743, 2.138854627609253, 2.10173415184021, 2.0292550706863404, 2.013869438171387, 1.9753758668899537, 1.9732104802131654, 1.966613907814026, 1.9743802189826964], "accuracies": [10.0, 10.0, 10.0, 10.0, 10.0, 10.0, 12.63, 10.0, 10.0, 10.0, 10.0, 10.0, 10.0, 13.09, 15.09, 13.96, 17.05, 17.69, 17.45, 17.72, 18.96, 21.51, 21.23], "pruned_num_parameters": 57759662, "strategy": [0.6274101182972024, 0.21440947415571016, 0.8347721939904359, 0.7270466859187942, 0.7091150331091602, 0.184428639877593, 0.3063796817287318, 0.35220530648149023, 0.7255411722078802, 0.8767383310175344, 0.20589433506705154, 0.10157120901097957, 0.018024412499422195, 0.49485416429240187, 0.858536276488289], "did_it_train": true}