{"losses": [2.3025279331207273, 2.3026534700393677, 2.3026391315460204, 2.302551941871643, 2.302583317756653, 2.3025370740890505, 2.3025181818008424, 2.3024372005462648, 2.3024345779418947, 2.302224049568176, 2.301999020576477, 2.301812114715576, 2.3007406520843507, 2.2995065593719484, 2.296513810157776, 2.1933389043807985, 2.094939227104187, 2.055322723388672, 1.9772812581062318, 1.9405119371414186, 1.9150852012634276, 1.9064443826675415, 1.8919952249526977, 1.8573131704330443, 1.8399581003189087, 1.8405554294586182, 1.8392240929603576, 1.799710714817047, 1.7663061571121217, 1.7639086771011352, 1.7041829562187194, 1.6895394825935364, 1.641303641796112, 1.6045940494537354, 1.583576145172119, 1.5484297251701356, 1.510631148815155, 1.4840146589279175, 1.4942095160484314, 1.4635965871810912, 1.4522020077705384, 1.4599924111366271], "accuracies": [10.0, 10.0, 12.65, 12.92, 15.24, 24.06, 19.6, 22.93, 29.45, 32.53, 36.99, 42.3, 44.33, 44.12], "pruned_num_parameters": 96201346, "strategy": [0.8919831247344532, 0.7010248126727784, 0.1476364546131583, 0.2385330696202632, 0.5985062125618045, 0.5523263052488301, 0.7801139060984053, 0.5062190623366761, 0.2859271523613595, 0.5307583458965611, 0.0804088188775098, 0.6114514231820322, 0.11548850156958167, 0.1343601281591785, 0.12896107307607133], "did_it_train": true}