{"losses": [2.3025789642333985, 2.3026498460769655, 2.3025988578796386, 2.302624855041504, 2.3025753498077393, 2.3025886392593384, 2.3025248003005983, 2.3025629901885987, 2.3026320695877076, 2.3025018215179442, 2.3025378799438476, 2.302439546585083, 2.3023154497146607, 2.3023187017440794, 2.3021193981170653, 2.301609225273132, 2.3010645484924317, 2.3001638793945314, 2.2871891975402834, 2.189236273765564, 2.091436812877655, 2.0137813186645506, 2.043609538078308, 1.934483380317688, 1.905476417541504, 1.9012333631515503, 1.881424798965454, 1.8652151131629944, 1.8669529390335082, 1.8404002737998963, 1.7888899302482606, 1.7830488657951356, 1.7767293930053711, 1.7326265048980714, 1.7143517708778382, 1.7052333498001098, 1.6593638134002686, 1.6291755843162536, 1.612389702796936, 1.585758306980133, 1.5634368014335633, 1.54891419172287, 1.48117901802063, 1.4755048418045045, 1.4550246143341063, 1.4071960997581483, 1.3828822994232177, 1.3668926978111267, 1.3470750832557679, 1.3116077661514283, 1.3114883708953857, 1.303069269657135, 1.2920494747161866, 1.2739306330680846], "accuracies": [10.0, 10.0, 10.0, 11.6, 14.18, 17.23, 21.0, 24.47, 24.09, 27.56, 27.95, 31.34, 37.82, 40.44, 42.36, 48.09, 49.79, 50.48], "pruned_num_parameters": 75438955, "strategy": [0.7206176793915754, 0.7219185231972348, 0.2244648066489657, 0.13826634859704937, 0.32469094569331236, 0.62300456628058, 0.8539591605912876, 0.3699812052649422, 0.6343097512401737, 0.4278572795183103, 0.0922828764639024, 0.7491972539266051, 0.06404996606587783, 0.3470943448508345, 0.20511410469729655], "did_it_train": true}