{"losses": [2.302690920829773, 2.302556266784668, 2.302564597129822, 2.3025825119018553, 2.302590274810791, 2.3025543594360354, 2.3024416732788087, 2.3026249265670775, 2.3024824714660643, 2.302372097969055, 2.302290778160095, 2.3022207546234132, 2.301674633026123, 2.3012775135040284, 2.3004096078872682, 2.294012117385864, 2.2623656129837038, 2.1148348903656005, 2.0143740296363832, 1.9608944153785706, 1.939296507835388, 1.9062251257896423, 1.901074595451355, 1.867029013633728, 1.8607224583625794, 1.8318157339096068, 1.8331955504417419, 1.774207305908203, 1.7394419145584106, 1.7308373594284057, 1.6811974692344664, 1.6656015229225158, 1.6536853146553039, 1.5959037280082702, 1.5906914949417115, 1.561281394958496, 1.5035930728912354, 1.5010818123817444, 1.48277321100235, 1.447027096748352, 1.4217331719398498, 1.4332547640800477, 1.4134191918373107, 1.3923328351974487, 1.3990038108825684], "accuracies": [10.0, 10.0, 15.41, 14.6, 18.6, 22.05, 21.81, 21.31, 30.55, 30.93, 35.93, 39.67, 44.38, 45.7, 46.3], "pruned_num_parameters": 86950510, "strategy": [0.5079590625371103, 0.6032137152053756, 0.7204858333392699, 0.40600594133385237, 0.0092333400040153, 0.48337868747687573, 0.7764898243701734, 0.7677542381080529, 0.6080550464151884, 0.2761247571793611, 0.7633900430539095, 0.007403050641815678, 0.0016735139482800144, 0.3071619854563712, 0.052288248887630485], "did_it_train": true}