{"losses": [2.30263934135437, 2.302549123764038, 2.3026319122314454, 2.302578639984131, 2.3026331949234007, 2.3026086568832396, 2.3026122760772707, 2.3025628185272216, 2.3025815057754517, 2.3025256538391115, 2.3025559854507445, 2.3025841236114504, 2.302458419799805, 2.302514810562134, 2.30242196559906, 2.302166576385498, 2.3020218133926393, 2.3016902923583986, 2.2976448249816896, 2.2603985595703127, 2.167539429664612, 2.095318763256073, 2.0255004930496217, 1.9622283220291137, 1.9129473328590394, 1.9039300394058227, 1.88818589925766, 1.87088769197464, 1.865099744796753, 1.8619499158859254, 1.8351574230194092, 1.8096355080604554, 1.7740683150291443, 1.739294285774231, 1.698045756816864, 1.686496648788452, 1.6460369348526, 1.6289457368850708, 1.622546157836914, 1.5741301369667053, 1.556415205001831, 1.5288443970680237, 1.4877406930923462, 1.4742340636253357, 1.4420349264144898, 1.407271718978882, 1.377531886100769, 1.358087568283081, 1.3300738072395324, 1.3052506470680236, 1.2922452878952027, 1.2692163968086243, 1.2542193031311035, 1.2583544850349426, 1.2438879656791686, 1.243134045600891, 1.2367469000816345], "accuracies": [10.0, 10.0, 10.0, 10.01, 12.8, 15.54, 17.48, 23.35, 24.73, 26.96, 28.78, 34.65, 39.4, 40.28, 45.32, 49.43, 48.96, 52.35, 52.35], "pruned_num_parameters": 72258921, "strategy": [0.18675331390431998, 0.4560925989917213, 0.8676964773000074, 0.023996547369122757, 0.7564288574496271, 0.20191408778169545, 0.10765802223051199, 0.6585370904830622, 0.6338927394450713, 0.006061101780558221, 0.17042846455742594, 0.5362776449103236, 0.264355749905677, 0.16503967980449857, 0.7679078363131213], "did_it_train": true}