{"losses": [2.3026702642440795, 2.3025617599487305, 2.3026423549652097, 2.3025561237335204, 2.302590837478638, 2.3026268672943115, 2.3024603128433228, 2.3025393867492676, 2.3025295305252076, 2.302317490577698, 2.302299828529358, 2.302303948402405, 2.3016477966308595, 2.3012597274780275, 2.3002098274230955, 2.275093188285828, 2.192902193069458, 2.095998468399048, 1.9584093022346496, 1.898008267879486, 1.8536326146125794, 1.773893780708313, 1.7622308468818664, 1.7071418023109437, 1.6429817414283752, 1.597604386806488, 1.5982069301605224, 1.5235370087623596, 1.4922562646865845, 1.4393292307853698, 1.386826331615448, 1.35584965467453, 1.3363262510299683, 1.2859248518943787, 1.2396567964553833, 1.2080108761787414, 1.1530306959152221, 1.1376656699180603, 1.112587503194809, 1.066389080286026, 1.0487721061706543, 1.0438413572311402, 1.0190624272823334, 1.009054447412491, 1.0097833478450775], "accuracies": [10.0, 10.0, 13.41, 11.77, 16.32, 24.59, 32.97, 36.67, 41.85, 48.65, 52.28, 56.7, 59.95, 62.44, 63.15], "pruned_num_parameters": 87231240, "strategy": [0.3658685271098823, 0.1837816488091141, 0.026653661743928005, 0.009120576191967433, 0.48664908778574617, 0.7540911332928464, 0.8055615515691237, 0.04207198685180171, 0.267554154241898, 0.16351120855369466, 0.6839381664462789, 0.7521377022186928, 0.2886358837163729, 0.06071146118880379, 0.13982776052323295], "did_it_train": true}