{"losses": [2.302616262435913, 2.302688422203064, 2.3027111387252805, 2.3026039266586302, 2.3024888610839844, 2.302698464393616, 2.3025763273239135, 2.302608618736267, 2.3026520586013794, 2.302573390007019, 2.302637152671814, 2.3026429748535158, 2.3026175355911254, 2.3026011610031127, 2.30266930103302, 2.3026060009002687, 2.302654185295105, 2.3026551103591917, 2.3026110887527467, 2.302676377296448, 2.302630786895752, 2.302593879699707, 2.30263813495636, 2.3026595401763914, 2.3025904655456544, 2.302676043510437, 2.3026323747634887, 2.3026150274276733, 2.3026307249069213, 2.302614297866821, 2.302480058670044, 2.3026638889312743, 2.302699799537659, 2.3025629043579103, 2.3026433324813844, 2.302664818763733, 2.302509613037109, 2.3027194023132322, 2.3026347064971926, 2.3025569343566894, 2.3025273084640503, 2.3026439237594603, 2.3025305223464967, 2.3024669551849364, 2.3025485706329345, 2.3024389266967775, 2.302540588378906, 2.3024125909805297, 2.302337770462036, 2.3023095750808715, 2.3022677803039553, 2.3020258474349977, 2.301747522354126, 2.3018600940704346, 2.3008964920043944, 2.300175848007202, 2.298689217567444, 2.271343569755554, 2.185069432258606, 2.1497096586227418, 2.044564468860626, 2.000904793739319, 1.971063687801361, 1.928301703929901, 1.8874454498291016, 1.8999124360084534, 1.8787900829315185, 1.8750817561149598, 1.8693018341064453, 1.8569203758239745, 1.8394558668136596, 1.8536891889572145, 1.8370167231559753, 1.839371690750122, 1.8189681625366212, 1.8136227750778198, 1.8253729772567748, 1.8124673128128053, 1.7982484793663025, 1.784373164176941, 1.7941820311546326, 1.7794254541397094, 1.7720039772987366, 1.7605830359458923, 1.750815896987915, 1.7399329400062562, 1.738148684501648, 1.7137305569648742, 1.712691102027893, 1.6900010895729065, 1.6625242233276367, 1.637129888534546, 1.6201477003097535, 1.5833559489250184, 1.5791377162933349, 1.5573201394081115, 1.5327775883674621, 1.4977214813232422, 1.4995896410942078, 1.4846384644508361, 1.4752333569526672, 1.4647856664657593, 1.4429658794403075, 1.4530860924720763, 1.4515154719352723, 1.4302365636825563, 1.4425634264945983, 1.4312408113479613, 1.433166139125824, 1.4305347657203675, 1.4272562885284423], "accuracies": [10.0, 10.0, 10.0, 10.0, 10.0, 10.0, 10.0, 10.0, 10.0, 10.0, 10.0, 10.0, 10.0, 10.0, 10.0, 10.0, 11.22, 15.67, 16.14, 18.77, 22.1, 21.95, 23.91, 23.8, 25.23, 27.61, 28.59, 29.28, 32.27, 35.32, 36.72, 32.37, 41.96, 43.29, 44.33, 44.38, 44.8], "pruned_num_parameters": 36472153, "strategy": [0.5951222019515974, 0.6806600083215737, 0.643127207722649, 0.5715807763880599, 0.6107420076317359, 0.6144484993213777, 0.44575281298117564, 0.37796352797090155, 0.8137360085533034, 0.6709553467543814, 0.6461685038042785, 0.8758391153686054, 0.5641588802014368, 0.3300821776006799, 0.5698204615340161], "did_it_train": true}