{"losses": [2.302729468345642, 2.3025708961486817, 2.3025553035736084, 2.302573823928833, 2.302599244117737, 2.302623300552368, 2.3025213861465454, 2.302632546424866, 2.3026300430297852, 2.3024993181228637, 2.302574038505554, 2.302662773132324, 2.302520055770874, 2.302529606819153, 2.302567887306213, 2.3024502897262575, 2.302378978729248, 2.3023899364471436, 2.302038478851318, 2.3017642450332643, 2.3013960266113282, 2.297582311630249, 2.2718636798858642, 2.1968337726593017, 2.1139015769958496, 2.0651613783836367, 2.008693850040436, 1.9363822603225709, 1.9215234446525573, 1.9046702647209168, 1.8828897762298584, 1.883993911743164, 1.8653817081451416, 1.8600296902656555, 1.8462061190605163, 1.844972722530365, 1.8224533414840698, 1.8026885986328125, 1.7746024799346924, 1.7504451775550842, 1.7016340589523316, 1.6924004721641541, 1.6527546429634095, 1.644569101333618, 1.6148064374923705, 1.5666835141181945, 1.5696016550064087, 1.5468490099906922, 1.4894574642181397, 1.464018120765686, 1.4239340567588805, 1.3965939807891845, 1.3733829426765443, 1.370696747303009, 1.307128801345825, 1.3233676528930665, 1.2854934906959534, 1.2737276339530945, 1.247202093601227, 1.2261843371391297, 1.2180191445350648, 1.2356110405921936, 1.2161078190803527, 1.2204946517944335, 1.1958307909965515, 1.198968403339386], "accuracies": [10.0, 10.0, 10.0, 13.32, 10.0, 14.18, 15.21, 18.71, 19.1, 24.33, 24.56, 26.33, 31.43, 35.58, 39.19, 38.22, 46.35, 45.42, 52.96, 53.38, 54.69, 55.16], "pruned_num_parameters": 61637309, "strategy": [0.30438023191909097, 0.5101348906990781, 0.6059485992999021, 0.32631891077441627, 0.6160613290670263, 0.3734788032677647, 0.481241005329207, 0.44232126783184694, 0.6581003879575452, 0.2066406610322093, 0.8991323822414882, 0.6204292735230093, 0.23731261614045948, 0.3342977420552184, 0.40698973840780733], "did_it_train": true}