{"losses": [2.3025508642196657, 2.302617897987366, 2.3026193237304686, 2.3026454305648802, 2.302537245750427, 2.3026090812683107, 2.302588186264038, 2.302614812850952, 2.302592062950134, 2.302550892829895, 2.3026105546951294, 2.302602934837341, 2.3025799798965454, 2.3026157903671263, 2.3026191329956056, 2.3025739860534666, 2.3025975465774535, 2.3026155185699464, 2.3025681161880494, 2.3025902462005616, 2.302603302001953, 2.302554574012756, 2.302486095428467, 2.3025477838516237, 2.3023577070236207, 2.302441005706787, 2.302283663749695, 2.301911430358887, 2.3014531469345094, 2.3000774574279785, 2.229541873931885, 2.1649098062515257, 2.128783655166626, 2.055921964645386, 2.0249505543708803, 1.9872371768951416, 1.9470805883407594, 1.9197592782974242, 1.9178237962722777, 1.8871980166435243, 1.8635087633132934, 1.8580332159996034, 1.8651735520362853, 1.8382531452178954, 1.8360472631454468, 1.8323682475090026, 1.784670422077179, 1.7814547872543336, 1.7388369536399841, 1.699233374595642, 1.681889889240265, 1.6774069571495056, 1.633256537914276, 1.6300163173675537, 1.5870545601844788, 1.54856027841568, 1.5258112096786498, 1.5181225371360778, 1.4923509192466735, 1.4454372310638428, 1.4186973094940185, 1.4056861019134521, 1.3771630454063415, 1.3385458970069886, 1.3116463088989259, 1.293668851852417, 1.229192066192627, 1.2326570081710815, 1.2015728974342346, 1.1509563732147217, 1.126040246486664, 1.1397556245326996, 1.0846005618572234, 1.0626352179050444, 1.0373193204402924, 1.0081314587593078, 0.9824021136760712, 0.9723545813560486, 0.9459054625034332, 0.9197709774971008, 0.9127856147289276, 0.8807637739181519, 0.882507609128952, 0.8643587183952331, 0.8644694352149963, 0.8230168545246124, 0.8257789015769958, 0.8048615598678589, 0.8067572116851807, 0.7877440214157104, 0.7881657004356384, 0.802662706375122, 0.7925477647781372, 0.7696477520465851, 0.7801834905147552, 0.7910165905952453], "accuracies": [10.0, 10.0, 10.0, 10.0, 10.0, 11.13, 11.26, 11.74, 13.64, 11.74, 18.94, 20.92, 22.97, 24.95, 27.98, 20.63, 28.24, 40.79, 28.01, 42.74, 50.63, 54.84, 57.43, 58.6, 63.93, 62.55, 66.15, 67.41, 68.65, 69.96, 70.14, 70.35], "pruned_num_parameters": 41727556, "strategy": [0.09937107095207974, 0.6890000407798621, 0.1361116686748444, 0.36370066880201485, 0.32958366465624395, 0.0751202134566274, 0.616472724872112, 0.5564421769572195, 0.5003113838823473, 0.45907401055974106, 0.598190668466142, 0.6277687631821943, 0.23214784772816394, 0.5301595787708002, 0.8796468162802608], "did_it_train": true}