{"losses": [2.3026376962661743, 2.302605891227722, 2.3025525522232058, 2.302641706466675, 2.3026023626327516, 2.302532477378845, 2.302506060600281, 2.302658910751343, 2.3026037979125977, 2.302577214241028, 2.302566161155701, 2.3026381301879884, 2.3025519323348997, 2.302623257637024, 2.302615213394165, 2.3025728988647463, 2.302625308036804, 2.302559504508972, 2.3025546169281004, 2.3025508546829223, 2.302568459510803, 2.3024686670303343, 2.302586326599121, 2.302572922706604, 2.3023316955566404, 2.3025358867645265, 2.3025072813034058, 2.3022820520401, 2.3022282266616823, 2.3021806621551515, 2.3018038415908815, 2.3015797424316404, 2.3009208726882933, 2.2983058643341066, 2.2942285537719727, 2.2757293128967286, 2.063352158069611, 2.0319499945640564, 1.990496470928192, 1.9603183436393739, 1.922758901119232, 1.913802695274353, 1.8968900108337403, 1.8862162613868714, 1.8880853700637816, 1.8702762889862061, 1.86420334815979, 1.850157835483551, 1.8143562030792237, 1.79837584733963, 1.7669221186637878, 1.7311038231849671, 1.7259285497665404, 1.7255580043792724, 1.6763823819160462, 1.6823832321166992, 1.6579605960845947, 1.6298701310157775, 1.6017944836616516, 1.5732139372825622, 1.589014573097229, 1.5499792671203614, 1.5249511528015136, 1.4995146918296813, 1.5017459106445312, 1.4677382326126098, 1.4257849216461183, 1.4303587007522582, 1.386028106212616, 1.3568554377555848, 1.3365146398544312, 1.320685660839081, 1.2788454627990722, 1.2603538370132445, 1.2412023329734803, 1.197834551334381, 1.1935693681240083, 1.1662085938453675, 1.142743819952011, 1.137540032863617, 1.113087100982666, 1.089638547897339, 1.061586194038391, 1.0762379026412965, 1.030237100124359, 1.0004649770259857, 1.0005609619617462, 0.9870129656791687, 0.9569246661663056, 0.9690289282798767, 0.9480866491794586, 0.9401988172531128, 0.9297764563560486, 0.9030673444271088, 0.8981078743934632, 0.9006035017967224, 0.8649978399276733, 0.8766036319732666, 0.864185174703598, 0.8579826629161835, 0.8357054471969605, 0.8322811341285705, 0.8139106297492981, 0.8226360237598419, 0.8137036669254303, 0.7934744167327881, 0.8230162715911865, 0.8041028940677643, 0.7939217412471771, 0.7939091277122498, 0.7993107497692108, 0.7895039176940918, 0.7805455029010773, 0.7820868110656738, 0.7763214027881622, 0.780176750421524, 0.7670532548427582], "accuracies": [10.0, 10.0, 10.0, 10.0, 10.0, 13.46, 10.0, 10.0, 10.0, 15.9, 16.57, 17.47, 21.72, 24.73, 25.63, 21.26, 33.12, 36.95, 35.65, 39.24, 43.4, 44.92, 48.42, 50.58, 54.19, 59.1, 54.86, 56.59, 63.38, 63.55, 67.47, 68.11, 67.38, 69.87, 69.99, 70.9, 71.24, 71.68, 71.69], "pruned_num_parameters": 34292086, "strategy": [0.8337452628709405, 0.540936397863809, 0.570459496160575, 0.8284301717545072, 0.3650193442203103, 0.8626416681311625, 0.4309359036439578, 0.5344480769102419, 0.5791057851590975, 0.14215773539913043, 0.5957017904243063, 0.09693652622792559, 0.7710072356456078, 0.13568035638150458, 0.30929921547025097], "did_it_train": true}