{"losses": [2.302675013542175, 2.3026771545410156, 2.302501745223999, 2.302617936134338, 2.3025157833099366, 2.302549052238464, 2.3024032592773436, 2.302484669685364, 2.3023863935470583, 2.3021486473083494, 2.301834945678711, 2.3015464830398558, 2.2978286075592043, 2.266724772453308, 2.1744047880172728, 2.0593719244003297, 2.020130717754364, 1.9503823900222779, 1.9240047144889831, 1.900994770526886, 1.8973377776145934, 1.8766302752494812, 1.880758879184723, 1.853647723197937, 1.8360061764717102, 1.827015061378479, 1.8408292508125306, 1.7647511768341064, 1.742317063808441, 1.7179008722305298, 1.6586997270584107, 1.6569103145599364, 1.6297288727760315, 1.5927994656562805, 1.5585249066352844, 1.5180066323280335, 1.4789333057403564, 1.4307926440238952, 1.4012094688415528, 1.3350005555152893, 1.3168930673599244, 1.2888653993606567, 1.203284718990326, 1.2125180292129516, 1.1889262294769287, 1.1444990313053132, 1.1149672996997833, 1.1104748964309692, 1.092485922574997, 1.0697024774551391, 1.0589035999774934, 1.0423172259330749, 1.058503805398941, 1.052826212644577], "accuracies": [10.0, 10.0, 10.07, 16.68, 19.98, 23.29, 24.8, 24.2, 29.48, 35.15, 32.06, 37.26, 47.58, 55.05, 57.4, 61.21, 61.92, 62.56], "pruned_num_parameters": 75367448, "strategy": [0.5771288290319677, 0.5867389896874606, 0.5064147200861799, 0.8413610097089687, 0.43834336247407574, 0.10934088307967317, 0.47498153198745907, 0.24576370968095285, 0.5094655970211502, 0.5617848670553517, 0.07259696141105504, 0.1962436693526235, 0.3860431868970482, 0.04794007145964642, 0.4381757628608521], "did_it_train": true}