{"losses": [2.302655076980591, 2.3026167440414427, 2.30262366771698, 2.302547369003296, 2.302637276649475, 2.3027049350738524, 2.302599911689758, 2.302559084892273, 2.3026990556716918, 2.3025835800170897, 2.3026536321640014, 2.302623920440674, 2.302605528831482, 2.3026216173172, 2.3027153778076173, 2.302657947540283, 2.302627863883972, 2.3026742935180664, 2.302563304901123, 2.302671365737915, 2.302664527893066, 2.302666368484497, 2.3026479148864745, 2.302684187889099, 2.3024693632125857, 2.3028035449981687, 2.302773451805115, 2.302567706108093, 2.3027906084060668, 2.302666802406311, 2.302575216293335, 2.3026743602752684, 2.302713270187378, 2.3025498819351196, 2.3026966190338136, 2.3026871156692503, 2.3026225328445435, 2.3026111221313474, 2.302725248336792, 2.3025563287734987, 2.302746090888977, 2.3026298570632933, 2.3025824308395384, 2.302655396461487, 2.3026877641677856, 2.3025190210342408, 2.3027355241775513, 2.302664875984192, 2.3025922679901125, 2.3026982021331786, 2.302632837295532, 2.3026121520996092, 2.302642545700073, 2.3026756381988527, 2.302580575942993, 2.302740411758423, 2.3026145982742308, 2.3025745677948, 2.3026516914367674, 2.3027326917648314, 2.302601709365845, 2.3026598358154295, 2.3026374483108523, 2.3025977993011475, 2.30271333694458, 2.3026289749145508, 2.3025613117218016, 2.302625422477722, 2.302684073448181, 2.302555603981018, 2.302585735321045, 2.302712712287903, 2.302592897415161, 2.302567300796509, 2.3025689220428465, 2.302603492736816, 2.302560567855835, 2.3026255321502687, 2.3025566864013673, 2.302563581466675, 2.3026332235336304, 2.3025501441955565, 2.302543058395386, 2.302655510902405, 2.302540979385376, 2.302563953399658, 2.3025661516189575, 2.30256206035614, 2.3025633668899537, 2.3025703191757203, 2.302536950111389, 2.3025450849533082, 2.302561168670654, 2.302527484893799, 2.3025338411331178, 2.302570815086365, 2.3025258779525757, 2.3025301933288573, 2.3025393533706664, 2.3025217914581297, 2.302527275085449, 2.3025209951400756, 2.302518467903137, 2.3025190830230713, 2.302518992424011, 2.302518911361694, 2.302517442703247, 2.3025168323516847], "accuracies": [10.0, 10.0, 10.0, 10.0, 10.0, 10.0, 10.0, 10.0, 10.0, 10.0, 10.0, 10.0, 10.0, 10.0, 10.0, 10.0, 10.0, 10.0, 10.0, 10.0, 10.0, 15.36, 10.0, 10.0, 10.0, 10.0, 10.13, 14.07, 15.82, 10.0, 10.96, 12.24, 10.0, 10.21, 10.0, 10.0], "pruned_num_parameters": 37095399, "strategy": [0.3935495718727361, 0.45133711743832616, 0.7163546121529503, 0.8748090750104804, 0.6724916908792209, 0.7507940055535298, 0.4260624427971892, 0.3609231200117194, 0.8042313255236189, 0.6173747075846729, 0.8569727896058741, 0.6339616856428603, 0.3858161475840375, 0.4924682238836364, 0.6207684539491483], "did_it_train": true}