{"losses": [2.3026802206039427, 2.3026522827148437, 2.3026152276992797, 2.302607650756836, 2.3026644229888915, 2.3026685237884523, 2.302612476348877, 2.302637186050415, 2.30261944770813, 2.302622528076172, 2.3025917911529543, 2.3025939989089967, 2.3026075029373168, 2.3026266288757324, 2.3026325035095216, 2.3025290250778196, 2.302643885612488, 2.3026094007492066, 2.3025245904922484, 2.302570118904114, 2.3026165103912355, 2.302493772506714, 2.3024760055541993, 2.3024254846572876, 2.302235474586487, 2.3021794366836548, 2.302085690498352, 2.301283917427063, 2.3002827978134155, 2.297546010017395, 2.2016058921813966, 2.143399229049683, 2.093238883018494, 1.9785877227783204, 1.9360923457145691, 1.9173294472694398, 1.8894026207923889, 1.8723986482620238, 1.8610617685317994, 1.8460445857048036, 1.8510262727737428, 1.8388782024383545, 1.8245620512962342, 1.8230606055259704, 1.8121527194976808, 1.8014586329460145, 1.79122905254364, 1.777567503452301, 1.7550046348571777, 1.743127703666687, 1.7433399772644043, 1.7181506991386413, 1.6822263622283935, 1.6722017979621888, 1.6440602350234985, 1.6372540020942687, 1.614862129688263, 1.599143030643463, 1.6055015468597411, 1.606605248451233], "accuracies": [10.0, 10.0, 10.0, 10.0, 10.0, 10.0, 10.0, 10.32, 13.83, 14.51, 19.15, 21.81, 24.36, 26.56, 26.41, 29.14, 33.41, 34.61, 35.33, 36.49], "pruned_num_parameters": 68594623, "strategy": [0.23537660824753787, 0.06769713682667604, 0.8260784760029538, 0.3933309157366008, 0.60769102367422, 0.7577349289703653, 0.05175878639566983, 0.11216114432562763, 0.8481225989337449, 0.3948498231871508, 0.7121887172356184, 0.31705283696184106, 0.12345174298397754, 0.3097486442260701, 0.8059889572290416], "did_it_train": true}