{"losses": [2.3026516580581666, 2.3026105117797853, 2.302634611129761, 2.30248477935791, 2.3026363039016724, 2.3026705503463747, 2.3025787591934206, 2.302598223686218, 2.3027602577209474, 2.3026203060150148, 2.302611565589905, 2.3026656341552734, 2.302632336616516, 2.302599425315857, 2.3027056455612183, 2.3026008129119875, 2.302687864303589, 2.302673282623291, 2.3025745964050293, 2.3026618337631226, 2.30270628452301, 2.302578229904175, 2.3026708364486694, 2.302642583847046, 2.3025945138931276, 2.3026145696640015, 2.302580962181091, 2.3025146102905274, 2.302669095993042, 2.302552733421326, 2.3025277519226073, 2.3025406265258788, 2.302572078704834, 2.302468328475952, 2.302515525817871, 2.302440104484558, 2.3023920011520387, 2.3024198389053345, 2.3023866701126097, 2.302272319793701, 2.302324204444885, 2.302237043380737, 2.3021355676651, 2.302145562171936, 2.3020550870895384, 2.301964740753174, 2.301929621696472, 2.3019563436508177, 2.301819543838501, 2.3018173456192015, 2.3018091821670534, 2.301777234077454, 2.3017392539978028, 2.3017526388168337], "accuracies": [10.0, 10.0, 10.0, 10.0, 10.0, 10.0, 10.0, 10.0, 10.0, 10.0, 10.0, 13.47, 12.81, 13.61, 16.55, 14.09, 15.37, 15.39], "pruned_num_parameters": 75677012, "strategy": [0.7624838450480961, 0.5387714514181431, 0.8137345555203015, 0.4884130321056514, 0.3024715345766539, 0.3940246932579956, 0.5498263051312442, 0.3952941757882334, 0.6899332253199313, 0.05968912081871628, 0.7397627970603896, 0.6157456224598433, 0.19820433275724647, 0.1551971516643836, 0.8270526441247765], "did_it_train": true}