{"losses": [2.302729640007019, 2.3025695133209227, 2.302600917816162, 2.3025770711898805, 2.3025679206848144, 2.302651786804199, 2.3025216484069824, 2.3026591682434083, 2.3026561737060547, 2.302541551589966, 2.302591199874878, 2.302621693611145, 2.3025249338150022, 2.3025506067276003, 2.302539834976196, 2.3024680757522584, 2.3024958181381225, 2.30244327545166, 2.3023196268081665, 2.30224093914032, 2.3020542669296264, 2.301228890419006, 2.3001889991760254, 2.29524338722229, 2.1690654659271242, 2.118323731422424, 2.0603657484054567, 1.9530375981330872, 1.9388165163993836, 1.914533884525299, 1.8920774531364442, 1.899858798980713, 1.8856804966926575, 1.8606737327575684, 1.8669445061683654, 1.860081992149353, 1.8428078866004944, 1.8356280326843262, 1.8219873690605164, 1.77984637260437, 1.7554889416694641, 1.71750581741333, 1.699587686061859, 1.689845736026764, 1.6508019518852235, 1.6170163559913635, 1.598766119480133, 1.5908866810798645, 1.5429319643974304, 1.4965769839286804, 1.4830448937416076, 1.4251294374465941, 1.4079696106910706, 1.379326274394989, 1.3186615085601807, 1.2983888936042787, 1.262124900817871, 1.2437014269828797, 1.1917587947845458, 1.1854386115074158, 1.1615974974632264, 1.1610634207725525, 1.1507086396217345, 1.1321395111083985, 1.1256986594200133, 1.1354729425907135], "accuracies": [10.0, 10.0, 10.0, 10.0, 10.0, 10.0, 12.29, 17.58, 22.55, 23.13, 24.8, 25.71, 23.9, 32.68, 36.46, 41.22, 43.81, 49.89, 48.28, 57.25, 58.31, 58.79], "pruned_num_parameters": 60955729, "strategy": [0.7052187563118297, 0.5749210577301996, 0.1434738731277109, 0.40913989956368885, 0.783519835841528, 0.21397257264005648, 0.20084268764845659, 0.8873389622007771, 0.2640409870023239, 0.24998786743101306, 0.37415309972081173, 0.4135463952885396, 0.4641898644115145, 0.04488586603738439, 0.782390156876506], "did_it_train": true}