{"losses": [2.302675971984863, 2.302686638832092, 2.302552275657654, 2.3025674867630004, 2.302665195465088, 2.302626414299011, 2.3025927639007566, 2.30262421131134, 2.3026240062713623, 2.3026061058044434, 2.3026037931442263, 2.3026565742492675, 2.3025937271118164, 2.3026604557037356, 2.302619080543518, 2.3025971698760985, 2.3025915908813475, 2.302625184059143, 2.3025586938858034, 2.3026335191726686, 2.302659788131714, 2.3026400661468505, 2.302613158226013, 2.3026294708251953, 2.302615132331848, 2.302630352973938, 2.302635827064514, 2.3024909687042237, 2.3025882911682127, 2.3026806640625, 2.302535810470581, 2.302643032073975, 2.3026078224182127, 2.3024546194076536, 2.3025606060028077, 2.302560176849365, 2.3025061321258544, 2.3025000143051146, 2.3023969173431396, 2.3023211050033567, 2.3024007225036622, 2.302310061454773, 2.3021001529693605, 2.3019743871688845, 2.301858916282654, 2.301163115501404, 2.3003124237060546, 2.298504114151001, 2.219610915184021, 2.1201283168792724, 2.055802810192108, 1.9627205681800843, 1.9288175868988038, 1.9378155207633971, 1.88979572057724, 1.8644850325584412, 1.861697542667389, 1.8245928859710694, 1.808516070842743, 1.7873982858657838, 1.783520483970642, 1.7854903316497803, 1.7164373898506164, 1.6650134563446044, 1.6773411655426025, 1.6368264937400818, 1.5962245178222656, 1.5942002654075622, 1.567967312335968, 1.5047603821754456, 1.491561131477356, 1.4590112709999083, 1.4487540173530578, 1.413900089263916, 1.3587164092063904, 1.327659046649933, 1.3211098647117614, 1.2761821818351746, 1.2523611736297608, 1.232000834941864, 1.2055522108078003, 1.1633518505096436, 1.1253579020500184, 1.1318112373352052, 1.0894272232055664, 1.0568116068840028, 1.0454910171031953, 1.009565098285675, 0.9945385146141053, 0.96131720662117, 0.9480957818031311, 0.9338532590866089, 0.9098429119586945, 0.9023629307746888, 0.8922509014606476, 0.8852961325645446, 0.8648900151252746, 0.8633169317245484, 0.8740765571594238, 0.841068240404129, 0.8383702754974365, 0.8414711451530457, 0.8277565991878509, 0.8305657517910003, 0.827028419971466], "accuracies": [11.43, 10.0, 10.0, 10.0, 10.0, 10.0, 10.0, 10.0, 10.0, 15.38, 15.12, 10.0, 10.0, 14.65, 13.98, 15.82, 19.23, 23.91, 27.13, 31.21, 33.25, 36.55, 35.33, 45.58, 48.1, 47.2, 54.96, 58.09, 61.0, 63.57, 65.23, 66.6, 67.88, 68.09, 68.36], "pruned_num_parameters": 38742500, "strategy": [0.4194788894548408, 0.18445820863903933, 0.1281434325890843, 0.21568545296726244, 0.12633132150571863, 0.8440342609534299, 0.567923656409116, 0.2758946901811939, 0.6628329364730582, 0.1544828600775981, 0.8116288317062355, 0.499172130722893, 0.5855008954569253, 0.20668657062490267, 0.8661249406301391], "did_it_train": true}