{"losses": [2.3026555252075194, 2.3026598262786866, 2.3026663780212404, 2.302663345336914, 2.3026324272155763, 2.302535672187805, 2.3026243686676025, 2.302565937042236, 2.3026478242874147, 2.3025519037246704, 2.302696475982666, 2.3025887250900268, 2.3025450706481934, 2.3026087427139283, 2.3026806926727295, 2.3025715208053588, 2.302589511871338, 2.3026738786697387, 2.302600450515747, 2.302662343978882, 2.302607316970825, 2.302500605583191, 2.302538661956787, 2.3027213525772097, 2.3025363445281983, 2.302596354484558, 2.3025812911987305, 2.302435154914856, 2.302570757865906, 2.3024628829956053, 2.302441759109497, 2.302498393058777, 2.302401146888733, 2.3022357702255247, 2.3022725629806517, 2.3022061014175415, 2.3018339920043944, 2.3017236518859865, 2.3012731981277468, 2.2993205833435058, 2.295388479232788, 2.2548259830474855, 2.3001706123352053, 2.2938040351867675, 2.2355025386810303, 2.0827786207199095, 2.0610860991477966, 2.0424593925476073, 1.9781026077270507, 1.9345460748672485, 1.9002076530456542, 1.8648109745979309, 1.8158077168464661, 1.8042780756950378, 1.769646782875061, 1.7363728451728822, 1.6973418164253236, 1.7099662327766418, 1.6539860033988953, 1.6255451226234436, 1.5969608664512633, 1.5605512285232543, 1.550189881324768, 1.4875381302833557, 1.482749788761139, 1.4723027563095092, 1.4201573348045349, 1.3791683030128479, 1.35251633644104, 1.3208673787117005, 1.291750328540802, 1.2747399306297302, 1.2323916149139404, 1.2275387859344482, 1.1788954710960389, 1.1538481199741364, 1.1458516311645508, 1.124754055738449, 1.0707524800300598, 1.076214610338211, 1.0735320520401002, 1.0445431089401245, 1.030723876953125, 1.0314604377746581, 1.018994346857071, 1.0122536790370942, 1.0064690577983857, 1.0062401461601258, 0.9986343657970429, 1.0008927524089812], "accuracies": [10.0, 10.0, 10.0, 10.0, 10.0, 10.0, 11.71, 10.0, 10.06, 13.13, 16.93, 12.54, 18.9, 10.82, 19.68, 23.67, 18.88, 30.26, 36.1, 37.15, 42.4, 47.02, 49.1, 53.42, 57.18, 60.58, 60.64, 62.77, 63.51, 63.61], "pruned_num_parameters": 45178542, "strategy": [0.6870538760289301, 0.5385507696929119, 0.1446383598195102, 0.8210194090626146, 0.043690153120080864, 0.25706497139888157, 0.6172982359290607, 0.03534745211704136, 0.8193836134076707, 0.4152070736808032, 0.6655005628770898, 0.38461488902471824, 0.5391879212811671, 0.1659147602360748, 0.8383831764654711], "did_it_train": true}