{"losses": [2.3025866317749024, 2.3027505540847777, 2.3025827980041504, 2.302494764328003, 2.302742772102356, 2.302578773498535, 2.3026136112213136, 2.3025969791412355, 2.3025969648361206, 2.3025697803497316, 2.3025780057907106, 2.3026368618011475, 2.3025794506072996, 2.3025910663604736, 2.302601628303528, 2.30254105091095, 2.302529559135437, 2.302676877975464, 2.302536211013794, 2.3026091861724853, 2.3026004791259767, 2.302507915496826, 2.3025928640365603, 2.302508192062378, 2.3024661922454834, 2.3024701261520386, 2.302427263259888, 2.302212805747986, 2.302251787185669, 2.3021664428710937, 2.3014762926101686, 2.3009772205352785, 2.299204831123352, 2.236290135383606, 2.166646189689636, 2.1304173278808594, 2.0502167415618895, 1.9860828804969788, 1.9749581146240234, 1.9082490134239196, 1.894533371925354, 1.8870304131507873, 1.8655874848365783, 1.8615511178970336, 1.845637767314911, 1.8268360924720763, 1.7968066239356995, 1.794293270111084, 1.7538114380836487, 1.7396328258514404, 1.7243919825553895, 1.6801019835472106, 1.7023296570777893, 1.6432013654708861, 1.6041277813911439, 1.5890138602256776, 1.560746033191681, 1.5500939869880677, 1.4730738306045532, 1.4659336471557618, 1.4475144147872925, 1.4110000681877137, 1.3925611090660095, 1.3346045231819152, 1.3299815702438353, 1.3017592763900756, 1.2310052347183227, 1.2173362851142884, 1.205946397781372, 1.1286734771728515, 1.1173325622081756, 1.0967075312137604, 1.0328542685508728, 1.011045798063278, 0.9932957077026368, 0.9584172666072845, 0.9453600931167603, 0.9183652007579803, 0.8775277543067932, 0.885299289226532, 0.8487427198886871, 0.8275027346611022, 0.8283328342437745, 0.8117845928668976, 0.7826469683647156, 0.7789060759544373, 0.7674740254878998, 0.7447623252868653, 0.7348818850517272, 0.7263782548904419, 0.7017235481739044, 0.6957886040210723, 0.7061280155181885, 0.6602493298053741, 0.6720414590835572, 0.6661140620708466, 0.6490799772739411, 0.649878340959549, 0.6376253646612168, 0.6386682522296906, 0.6162033504247666, 0.6097880363464355, 0.5922648686170578, 0.6064090645313263, 0.5750622618198394, 0.5741596627235412, 0.5707914888858795, 0.5716811954975128, 0.5428520119190217, 0.5677246195077896, 0.5708623516559601, 0.536329043507576, 0.5501711452007294, 0.5418655997514725, 0.5442045861482621, 0.5298502486944199, 0.5335410988330841, 0.5271487581729889, 0.5253379786014557, 0.5356241583824157], "accuracies": [10.0, 10.0, 10.0, 10.0, 10.0, 10.0, 10.0, 10.0, 10.0, 10.0, 12.28, 18.43, 21.3, 24.02, 27.26, 29.52, 34.12, 38.04, 40.61, 45.97, 40.52, 50.76, 52.74, 63.94, 62.49, 65.77, 65.72, 69.36, 73.17, 74.65, 73.53, 75.02, 73.81, 76.98, 77.96, 78.81, 78.99, 79.09, 79.35, 79.32], "pruned_num_parameters": 33879104, "strategy": [0.24611005237940212, 0.4764023108999426, 0.3955300596451402, 0.3132690703785541, 0.6872830202427761, 0.5864840562978442, 0.16432086037778856, 0.3661561047661211, 0.483562497702325, 0.5472476253184333, 0.7234274571519337, 0.5256758775293816, 0.5401347974850148, 0.43397173678575235, 0.6155258196830847], "did_it_train": true}