{"losses": [2.3025113487243654, 2.302653374671936, 2.302705020904541, 2.3025545406341554, 2.3025207138061523, 2.3026616382598877, 2.302544093132019, 2.302478218078613, 2.3026024866104127, 2.302450666427612, 2.3024612045288086, 2.3025309562683107, 2.302259383201599, 2.3022854375839232, 2.302298860549927, 2.3017571353912354, 2.3012555599212647, 2.300445613861084, 2.284450855255127, 2.2076447439193725, 2.1446646785736085, 2.037064080238342, 1.9841899919509887, 1.948289942741394, 1.9015135383605957, 1.8988762164115907, 1.8846064925193786, 1.871037220954895, 1.869203395843506, 1.8462652683258056, 1.823978714942932, 1.8160619354248047, 1.7719312000274658, 1.7552273678779602, 1.7554748058319092, 1.710247552394867, 1.679887912273407, 1.6426132392883301, 1.6549708032608033, 1.5838416314125061, 1.588268518447876, 1.5478098559379578, 1.524320228099823, 1.49544748544693, 1.4774033665657043, 1.409180419445038, 1.3803494143486024, 1.363969979286194, 1.3056661558151246, 1.284817237854004, 1.25210599899292, 1.2245199108123779, 1.1967929530143737, 1.1922895526885986, 1.1398847603797913, 1.1137665438652038, 1.0798335683345794, 1.0424396276474, 1.0432996666431427, 1.0254069304466247, 0.9742746424674987, 0.9800746166706085, 0.9708854329586029, 0.932952950000763, 0.9294628190994263, 0.9098252022266388, 0.881749871969223, 0.8938531315326691, 0.8654983270168305, 0.8511213290691376, 0.8528076243400574, 0.8416288483142853, 0.8037244653701783, 0.822665810585022, 0.8156298089027405, 0.7924256289005279, 0.7867853629589081, 0.7941615450382232, 0.7929674506187439, 0.776981132030487, 0.7685655128955841, 0.773744466304779, 0.7476630020141601, 0.7538972401618957], "accuracies": [10.0, 10.0, 10.0, 10.0, 13.52, 16.51, 20.77, 23.25, 23.72, 26.61, 34.53, 32.73, 39.02, 40.2, 45.52, 44.67, 55.23, 50.47, 62.16, 63.97, 62.98, 67.36, 68.52, 69.69, 69.97, 70.45, 71.03, 71.24], "pruned_num_parameters": 47845313, "strategy": [0.04164694590445441, 0.11591668632684846, 0.5697973191211608, 0.8983352792959767, 0.2184161415259699, 0.7536195780276909, 0.10747074572451826, 0.8005336103674083, 0.7636822319026678, 0.5148945509142256, 0.16179990894304955, 0.06867628809896556, 0.3162080255188143, 0.4760882356673311, 0.3423717639282648], "did_it_train": true}