{"losses": [2.302519006729126, 2.302751564979553, 2.3025122547149657, 2.30256058216095, 2.302591118812561, 2.302610158920288, 2.3025308561325075, 2.302616147994995, 2.3026283311843874, 2.302582654953003, 2.3026415300369263, 2.302581672668457, 2.302549133300781, 2.302621283531189, 2.302576656341553, 2.3025838851928713, 2.3025431966781618, 2.3026629495620727, 2.302467041015625, 2.30259087562561, 2.3025349283218386, 2.302411923408508, 2.3023981618881226, 2.302405848503113, 2.302071647644043, 2.3019048452377318, 2.3020329380035403, 2.3010197257995606, 2.300042061805725, 2.297883143424988, 2.2393979120254515, 2.1231638765335084, 2.062930727005005, 1.9896387553215027, 1.95302396774292, 1.923239939212799, 1.8923449802398682, 1.8684954476356506, 1.845985426902771, 1.7994048190116883, 1.794094798564911, 1.7700530695915222, 1.7490169095993042, 1.7322537589073181, 1.689533553123474, 1.6507910227775573, 1.6323698234558106, 1.6452390789985656, 1.5869892477989196, 1.5668303322792054, 1.5422766709327698, 1.5104498887062072, 1.506954436302185, 1.4526960372924804, 1.4285914158821107, 1.37996728181839, 1.3566488409042359, 1.3263700890541077, 1.2621226906776428, 1.2608942699432373, 1.2378731608390807, 1.1718458485603334, 1.164925718307495, 1.1093589162826538, 1.0940377628803253, 1.090755854845047, 1.0359229612350465, 1.0154008650779724, 0.9989075458049774, 0.9569636988639831, 0.9431984913349152, 0.940761137008667, 0.8899146711826325, 0.8727608561515808, 0.8931768596172333, 0.8565229105949402, 0.8449798464775086, 0.8218242311477661, 0.7991246020793915, 0.7978574085235596, 0.7891905987262726, 0.7607406306266785, 0.7652423000335693, 0.75892782330513, 0.7382727205753327, 0.7210795211791993, 0.7399391853809356, 0.7122278594970703, 0.6989084577560425, 0.7080387818813324, 0.6960343945026398, 0.6778974270820618, 0.6661990118026734, 0.6626312601566314, 0.6731571459770203, 0.6526996946334839, 0.644803102016449, 0.6438442671298981, 0.6470259094238281, 0.6418993270397186, 0.6265265280008316, 0.6297388994693756, 0.6279764807224274, 0.6293862545490265, 0.6257484173774719], "accuracies": [10.0, 10.0, 10.0, 10.05, 11.69, 10.0, 10.0, 10.63, 10.0, 17.21, 21.28, 24.54, 29.7, 34.0, 35.45, 40.7, 39.66, 42.07, 43.21, 53.29, 56.4, 58.85, 60.51, 65.89, 63.21, 70.66, 70.91, 71.31, 71.17, 73.16, 73.86, 74.52, 75.47, 75.62, 75.57], "pruned_num_parameters": 38101489, "strategy": [0.13414752893555798, 0.14300583963753402, 0.5609647728815754, 0.7194446612846596, 0.19772915862281248, 0.7371530748072972, 0.45211469793214326, 0.5608882192842103, 0.35752652136724766, 0.46024592308883056, 0.6927981693737751, 0.7319850357550548, 0.7637116505957059, 0.13491976679232634, 0.021652356885704948], "did_it_train": true}