{"losses": [2.30262836933136, 2.302570314407349, 2.3026636362075807, 2.3025626516342164, 2.302637276649475, 2.3026478910446166, 2.3026058578491213, 2.3025880670547485, 2.302643494606018, 2.302558856010437, 2.302607550621033, 2.3026587533950806, 2.3025858926773073, 2.3026262092590333, 2.302642617225647, 2.3025775718688966, 2.302637190818787, 2.3026291942596435, 2.3025220966339113, 2.3026552200317383, 2.302677311897278, 2.3026153898239134, 2.3025608110427855, 2.302658796310425, 2.3026224899291994, 2.3025867319107056, 2.3026166582107543, 2.3025295400619505, 2.3026684045791628, 2.3025650358200074, 2.3025884866714477, 2.302557182312012, 2.3025285530090334, 2.3025228786468506, 2.302477698326111, 2.302541666030884, 2.302417669296265, 2.3023004150390625, 2.3024765157699587, 2.302233700752258, 2.3021818161010743, 2.3020479679107666, 2.3014846515655516, 2.3009465980529784, 2.2998932218551635, 2.2812808752059937, 2.194856033325195, 2.120697922706604, 2.018209311962128, 1.9724175906181336, 1.9707272863388061, 1.9063213276863098, 1.8946121072769164, 1.8848370432853698, 1.87777663230896, 1.8617025208473206, 1.859063549041748, 1.84350900888443, 1.8316890954971314, 1.8418935179710387, 1.7947333765029907, 1.7878884363174439, 1.7644322943687438, 1.73019052028656, 1.7339484786987305, 1.703492159843445, 1.6834345579147338, 1.659077398777008, 1.6355701327323913, 1.6069830298423766, 1.574081974029541, 1.526566891670227, 1.51237774848938, 1.4926003956794738, 1.4638837504386901, 1.411708538532257, 1.3953414511680604, 1.352506411075592, 1.3424012756347656, 1.3037847518920898, 1.2782681155204774, 1.2133498144149781, 1.2199844121932983, 1.1763255858421326, 1.1356088733673095, 1.1213839173316955, 1.0863744151592254, 1.052730574607849, 1.0432595765590669, 1.0054507040977478, 0.9903963911533356, 0.9817515957355499, 0.9670343792438507, 0.9443597877025605, 0.917336950302124, 0.9118069458007813, 0.8947865188121795, 0.8764276802539825, 0.8706800210475921, 0.8434598100185394, 0.8384003496170044, 0.831198548078537, 0.8169280993938446, 0.7924459707736969, 0.8121710622310638, 0.7786585581302643, 0.7811534583568573, 0.7823615074157715, 0.7667489349842072, 0.7660943925380707, 0.7407286214828491, 0.742436488866806, 0.7474609673023224, 0.7492092299461365, 0.7301045072078705, 0.7482099890708923, 0.7249168956279755, 0.7309024512767792, 0.7108265221118927, 0.7268797016143799], "accuracies": [10.0, 10.0, 10.0, 10.0, 10.0, 10.0, 10.0, 14.02, 10.0, 10.0, 10.0, 10.0, 10.5, 14.48, 15.97, 16.9, 21.72, 24.41, 24.52, 29.06, 31.07, 33.78, 24.83, 39.18, 46.37, 50.31, 52.69, 57.11, 62.14, 62.44, 64.4, 67.46, 69.07, 67.93, 70.83, 71.53, 71.08, 72.07, 72.75, 72.72], "pruned_num_parameters": 33334723, "strategy": [0.4981774530022525, 0.5784123581156613, 0.6528014270790206, 0.3421885689156787, 0.334401883202571, 0.6880507047513119, 0.659622710752541, 0.6556941325049908, 0.3290049534719987, 0.593217659533219, 0.42278704757308605, 0.4169894606269237, 0.5951422978178018, 0.35144544543879963, 0.7445160193775455], "did_it_train": true}