{"losses": [2.302675499916077, 2.302550640106201, 2.3025956106185914, 2.302568826675415, 2.302707896232605, 2.30257342338562, 2.3025888633728027, 2.3026288747787476, 2.3026587772369385, 2.30262957572937, 2.302631306648254, 2.302598261833191, 2.3025624704360963, 2.3026285362243653, 2.3026978874206545, 2.3026024770736693, 2.302581434249878, 2.3026735258102415, 2.302601613998413, 2.302680697441101, 2.302659759521484, 2.302583303451538, 2.302730073928833, 2.3025624990463256, 2.3025760507583617, 2.3025839853286745, 2.3026755905151366, 2.3026172351837157, 2.3025651741027833, 2.3026447916030883, 2.3025680112838747, 2.302652564048767, 2.3026144695281983, 2.30256591796875, 2.3026278162002565, 2.302595953941345, 2.3024716424942016, 2.302531571388245, 2.302591757774353, 2.3025142669677736, 2.302491602897644, 2.3025521516799925, 2.302449131011963, 2.3024320507049563, 2.3023995304107667, 2.3023119831085204, 2.3022898769378664, 2.302250852584839, 2.3020508670806885, 2.3019927597045897, 2.3019559669494627, 2.301351742744446, 2.3012063789367674, 2.300598406791687, 2.298288025856018, 2.295036964416504, 2.2826091718673704, 2.215720367431641, 2.1646471929550173, 2.1092014932632446, 2.058020176887512, 2.0203884720802305, 1.9534163284301758, 1.873428635597229, 1.838784363269806, 1.8314016056060791, 1.7816089701652527, 1.7373581910133362, 1.713056263923645, 1.690834460258484, 1.6507123827934265, 1.66841050863266, 1.634065625667572, 1.615099081993103, 1.5971799540519713, 1.580512855052948, 1.5555929660797119, 1.548219392299652, 1.5183929228782653, 1.503460259437561, 1.5174856519699096, 1.4860067439079285, 1.471748583316803, 1.4751150608062744, 1.4650158834457399, 1.440896942615509, 1.4536249089241027, 1.4563753914833069, 1.4430810117721558, 1.4425819993019104], "accuracies": [10.0, 14.61, 10.0, 10.0, 10.0, 10.0, 10.0, 10.0, 10.0, 10.0, 10.0, 10.0, 10.0, 15.83, 10.78, 13.09, 10.91, 15.38, 16.34, 21.53, 25.67, 26.7, 33.81, 33.8, 38.37, 38.03, 41.79, 41.69, 43.53, 43.52], "pruned_num_parameters": 44785113, "strategy": [0.6787627460555, 0.5714388847852985, 0.4447045822036826, 0.5146409994035211, 0.5475321118708032, 0.44430254731407715, 0.45906138715661304, 0.7600410837536996, 0.5317694277842226, 0.5112160860189846, 0.6573342115638219, 0.3476152665665734, 0.45067376504428014, 0.3000920684065455, 0.8192295824618394], "did_it_train": true}