{"losses": [2.302677159309387, 2.302625880241394, 2.302484979629517, 2.302495365142822, 2.302608013153076, 2.302642364501953, 2.3025763273239135, 2.302556052207947, 2.302558908462524, 2.3024316024780274, 2.3025514841079713, 2.3024858140945437, 2.302393550872803, 2.3023582077026368, 2.3022516489028932, 2.302096309661865, 2.301870141029358, 2.3015800857543947, 2.300179834365845, 2.2977848434448243, 2.2898852157592775, 2.181031680107117, 2.1137485837936403, 2.059867472648621, 1.971131591796875, 1.9262330508232117, 1.8772346425056456, 1.7923668599128724, 1.762775194644928, 1.74262423992157, 1.6762138462066651, 1.6465529918670654, 1.6041415786743165, 1.5352209758758546, 1.531445562839508, 1.4884845900535584, 1.4250419282913207, 1.3559690642356872, 1.3874877023696899, 1.298775658607483, 1.2688852858543396, 1.2291085720062256, 1.1842168688774108, 1.1595195424556732, 1.1417568016052246, 1.0906493663787842, 1.0804046154022218, 1.0604874086380005, 1.0312694382667542, 0.9952087247371674, 0.9992335700988769, 0.9538613104820252, 0.9425327146053314, 0.9235080742835998, 0.9069391965866089, 0.8877414584159851, 0.8520429933071136, 0.841619668006897, 0.8358153712749481, 0.8033208096027374, 0.7901761209964753, 0.7752593910694122, 0.7734391164779663, 0.7525686752796173, 0.7332454824447632, 0.7342678666114807, 0.6939528894424438, 0.6881036341190339, 0.6865859663486481, 0.6670918595790863, 0.6726676273345947, 0.6648214447498322, 0.6310160827636718, 0.640204793214798, 0.6344796311855316, 0.6291004294157028, 0.6333398985862732, 0.606737475991249, 0.6109857201576233, 0.612758971452713, 0.6106019449234009], "accuracies": [10.0, 10.0, 10.0, 10.0, 10.0, 16.67, 18.78, 26.81, 35.64, 35.51, 40.82, 47.21, 52.73, 55.38, 57.55, 62.95, 63.25, 67.88, 69.88, 67.81, 71.11, 75.03, 75.87, 76.56, 76.95, 77.51, 77.61], "pruned_num_parameters": 50421378, "strategy": [0.7424250257179255, 0.05679502437765817, 0.8976041322960552, 0.015431253377038923, 0.39870400617618923, 0.6907642974525016, 0.1586238556289386, 0.17617055695514097, 0.8966530296479069, 0.09247299056522953, 0.23198939899951307, 0.1392883290798557, 0.6184224268276575, 0.16700083236414914, 0.13496669906580536], "did_it_train": true}