{"losses": [2.3026459550857545, 2.3025976037979126, 2.302623596191406, 2.302547187805176, 2.3026232719421387, 2.3026376962661743, 2.3025512504577637, 2.3026747035980226, 2.302605323791504, 2.3025977754592897, 2.302587375640869, 2.3026798439025877, 2.302600259780884, 2.302594313621521, 2.302664942741394, 2.3025781440734865, 2.3025945806503296, 2.3026152849197388, 2.302568769454956, 2.302582206726074, 2.302575778961182, 2.3024803733825685, 2.3025210809707644, 2.3026288080215456, 2.302478799819946, 2.302514047622681, 2.3025014877319334, 2.3024012994766236, 2.302483072280884, 2.302382593154907, 2.3022881650924685, 2.3022960233688354, 2.302280192375183, 2.302086706161499, 2.3020609426498413, 2.3020296764373778, 2.3017040586471555, 2.301569547653198, 2.301553258895874, 2.301004271507263, 2.3006180047988893, 2.3003892421722414, 2.2994733810424806, 2.298696298599243, 2.2980177545547487, 2.29635772228241, 2.29541624546051, 2.2945197582244874, 2.293347897529602, 2.292924609184265, 2.2926184129714966], "accuracies": [10.0, 10.0, 10.0, 10.0, 10.0, 10.0, 10.1, 10.0, 15.2, 10.42, 15.62, 15.49, 20.33, 20.65, 20.65, 19.98, 19.96], "pruned_num_parameters": 77113996, "strategy": [0.3798443664200066, 0.12208619381914089, 0.10446034270540984, 0.7073820752487734, 0.5373851835286666, 0.372472666419365, 0.04354816332815532, 0.7942006859712933, 0.6609373894839994, 0.17782247567452744, 0.4803977958382565, 0.8327210664425477, 0.21303601402973313, 0.12612557004137334, 0.784516133745924], "did_it_train": true}