{"losses": [2.3026569414138796, 2.3025644254684448, 2.3026720809936525, 2.3025581359863283, 2.3025360536575317, 2.302465486526489, 2.302381682395935, 2.3022668838500975, 2.3021695756912233, 2.3012166738510134, 2.2980599880218504, 2.2579601621627807, 2.134959020614624, 2.1124093770980834, 2.0483933687210083, 1.9530239772796631, 1.9241287446022033, 1.900188579559326, 1.8543411254882813, 1.8284267568588257, 1.7963467359542846, 1.8883811402320863, 1.8350736451148988, 1.7677089881896972, 1.6823529505729675, 1.6439211893081664, 1.622014467716217, 1.5619033765792847, 1.5217534112930298, 1.5276358580589295, 1.3922618174552917, 1.3898200392723083, 1.2977738571166992, 1.2482531023025514, 1.1882620167732239, 1.1885870456695558, 1.0954767727851868, 1.0841065347194672, 1.055618122816086, 1.014985717535019, 0.989131053686142, 0.9721166813373565, 0.9399580955505371, 0.9243396234512329, 0.9240482175350189, 0.889089674949646, 0.8876959252357483, 0.9091644132137299], "accuracies": [10.55, 10.14, 13.1, 18.68, 22.09, 24.25, 21.72, 30.42, 39.31, 46.45, 52.47, 58.31, 60.13, 64.54, 66.79, 66.82], "pruned_num_parameters": 84787098, "strategy": [0.46641804735529135, 0.1358006105868957, 0.055054093712862434, 0.31140568872755586, 0.2125409054472912, 0.6346627762135583, 0.6328716613171125, 0.2230092946299818, 0.3328556345953567, 0.4298529713723535, 0.19430511091551914, 0.6370351054755223, 0.22501980267763344, 0.07662287349970871, 0.6315715391839212], "did_it_train": true}