{"losses": [2.3026262855529787, 2.3026388549804686, 2.30259024143219, 2.3025356674194337, 2.302710270881653, 2.3025974798202515, 2.302613892555237, 2.3026279544830324, 2.302637538909912, 2.302537450790405, 2.3026939153671266, 2.3026386880874634, 2.302588620185852, 2.3026170110702515, 2.3026771545410156, 2.3024548625946046, 2.3026104831695555, 2.302685933113098, 2.3025565099716188, 2.3025188636779785, 2.302577328681946, 2.302468285560608, 2.302382779121399, 2.302530508041382, 2.302320189476013, 2.3024442863464354, 2.3023535680770872, 2.302201929092407, 2.3021439266204835, 2.3021211719512937, 2.301806578636169, 2.301727781295776, 2.3015432024002074, 2.3008639335632326, 2.3004859018325807, 2.2998459815979, 2.297459855079651, 2.2954958295822143, 2.2914392375946044, 2.265739140510559, 2.2029076194763184, 2.105225718021393, 1.9631892490386962, 1.9163489961624145, 1.9058360981941223, 1.8612291312217712, 1.8465424585342407, 1.8348397970199586, 1.8109848761558534, 1.8003564715385436, 1.7900700569152832, 1.7732988977432251, 1.7803364396095276, 1.771992952823639], "accuracies": [10.0, 10.0, 10.0, 10.0, 10.02, 12.36, 10.84, 10.0, 10.0, 10.55, 16.37, 15.99, 16.38, 21.67, 25.46, 28.46, 29.39, 30.13], "pruned_num_parameters": 73456414, "strategy": [0.34888109426513564, 0.3500820300678818, 0.84281220170372, 0.6642945687973707, 0.2406193024557894, 0.8164645606073729, 0.871837028507842, 0.5663519835480424, 0.12343742909159637, 0.5457044149065678, 0.1652406836517373, 0.8830621180265541, 0.21840398036272876, 0.2659664667125347, 0.10490873581011437], "did_it_train": true}