{"losses": [2.3027391719818113, 2.302607383728027, 2.302639889717102, 2.3026760911941526, 2.3025274658203125, 2.302629680633545, 2.302590570449829, 2.3025872898101807, 2.3026368522644045, 2.3025902700424195, 2.3025998401641847, 2.302545762062073, 2.302477822303772, 2.302571234703064, 2.302581911087036, 2.3024125146865844, 2.3024794387817384, 2.302477378845215, 2.3022959566116334, 2.3022787046432494, 2.302168917655945, 2.3013447761535644, 2.3000959157943726, 2.2907397890090944, 2.1905527114868164, 2.1430607891082762, 2.115705814361572, 2.03551105260849, 1.9866285371780394, 1.949750199317932, 1.9008441114425658, 1.9018893218040467, 1.8862948346138, 1.8077382016181947, 1.8395656275749206, 1.776576371192932, 1.737056210041046, 1.7124483561515809, 1.692364423274994, 1.6669337940216065, 1.619794626235962, 1.6017882108688355, 1.569729220867157, 1.5616480016708374, 1.5091641187667846, 1.4642614197731019, 1.4609222197532654, 1.4312592434883118, 1.4241707491874696, 1.488586950302124, 1.3246795749664306, 1.2770808506011964, 1.2543329977989197, 1.2312198615074157, 1.1483682823181152, 1.1292553913593293, 1.0886006259918213, 1.0371537590026856, 1.033740016222, 0.9987985908985137, 0.961526106595993, 0.9363784885406494, 0.9350590765476227, 0.8905946922302246, 0.8696227467060089, 0.8676740920543671, 0.8163560724258423, 0.8148010778427124, 0.8069643414020539, 0.7676603651046753, 0.7546695053577424, 0.7432032823562622, 0.7167186796665191, 0.7152900218963623, 0.7041418921947479, 0.6711531460285187, 0.6674002516269684, 0.671429055929184, 0.6468985140323639, 0.6396934580802918, 0.6164835649728775, 0.6142833858728409, 0.6057019329071045, 0.6117218279838562, 0.5785114997625351, 0.5787575262784957, 0.5806220710277558, 0.5640697640180588, 0.5640516948699951, 0.5579334098100662, 0.5480566674470901, 0.5426362478733062, 0.5383602249622345, 0.5407243609428406, 0.549846738576889, 0.5442163789272308], "accuracies": [10.0, 10.0, 10.0, 10.0, 10.0, 10.0, 10.23, 15.34, 21.45, 22.71, 27.6, 32.14, 31.91, 42.12, 43.2, 42.59, 52.86, 54.22, 54.85, 57.65, 62.99, 69.95, 69.87, 72.01, 75.64, 75.76, 77.12, 77.29, 78.69, 78.95, 79.29, 79.4], "pruned_num_parameters": 41902975, "strategy": [0.252094137294746, 0.6306824404630911, 0.12397601310753491, 0.25484842652312745, 0.19582231621483573, 0.5751872021067292, 0.13288782468827914, 0.3489239792471612, 0.6264997946824719, 0.43542203985661365, 0.6919573382445975, 0.7315241184844448, 0.5099675506938613, 0.3242365920303411, 0.606639331452098], "did_it_train": true}