{"losses": [2.30261323928833, 2.3025691747665404, 2.3026431798934937, 2.3026316928863526, 2.3025936126708983, 2.30265615940094, 2.302612328529358, 2.3026395416259766, 2.302619252204895, 2.30261607170105, 2.3026226234436034, 2.3026478624343873, 2.302609028816223, 2.302679934501648, 2.30266676902771, 2.302675919532776, 2.3026537179946898, 2.302656178474426, 2.3026487112045286, 2.3025546073913574, 2.3027204608917238, 2.3024997425079348, 2.3027295160293577, 2.30259051322937, 2.3026229619979857, 2.3026277351379396, 2.302614326477051, 2.302554016113281, 2.3026089906692504, 2.3026899099349976, 2.302611541748047, 2.3025870180130004, 2.3026738929748536, 2.302471580505371, 2.3027342414855956, 2.3026403617858886, 2.3025207996368406, 2.302587556838989, 2.302680492401123, 2.3025639629364014, 2.3025269317626953, 2.302656178474426, 2.302522678375244, 2.3025775718688966, 2.30257381439209, 2.302498388290405, 2.3025498151779176, 2.302463774681091, 2.302426085472107, 2.302449622154236, 2.3025620365142823, 2.302420287132263, 2.3024512243270876, 2.3023514556884765, 2.3022873401641846, 2.3022491979599, 2.3023839378356934, 2.302149410247803, 2.3020762825012206, 2.302051682472229, 2.301836972236633, 2.3017284154891966, 2.301578793525696, 2.3010965061187743, 2.3008053731918334, 2.3003072595596312, 2.2981113481521604, 2.2952695369720457, 2.2878308296203613, 2.220341234207153, 2.2001016759872436, 2.1656064939498902, 2.0669926166534425, 2.0377144527435305, 2.0116716742515566, 1.9480271196365357, 1.939388988018036, 1.9133980703353881, 1.8930257534980774, 1.892682635784149, 1.8790495681762696, 1.8714929056167602, 1.8607303786277771, 1.856996431350708, 1.8575070333480834, 1.8596303105354308, 1.8528452348709106], "accuracies": [10.0, 10.0, 10.0, 10.0, 10.0, 10.0, 10.0, 10.0, 10.0, 10.0, 10.0, 10.0, 10.0, 10.0, 10.0, 14.71, 14.16, 12.21, 15.37, 16.28, 17.85, 15.03, 16.06, 20.19, 22.4, 25.32, 26.18, 26.72, 26.74], "pruned_num_parameters": 45970673, "strategy": [0.7853962693200182, 0.16777103699641802, 0.5465735690457173, 0.778045344826842, 0.051228987920355094, 0.40653877644837577, 0.02709523005661211, 0.05029421459358685, 0.7291004082897302, 0.5248880705131803, 0.49681239721199233, 0.7201638201794925, 0.4052569394749305, 0.34647382300415136, 0.8287375698271824], "did_it_train": true}