{"losses": [2.3026306676864623, 2.3026593685150147, 2.3025522899627684, 2.3025830078125, 2.302581443786621, 2.302581171989441, 2.3025672960281374, 2.302535405158997, 2.302615957260132, 2.3024828100204466, 2.3024350118637087, 2.3024626922607423, 2.302247791290283, 2.3021628761291506, 2.301954731941223, 2.300726180076599, 2.2981785631179807, 2.2708314037323, 2.153131351470947, 2.116064357757568, 2.0796329402923583, 1.9826044702529908, 1.9315343880653382, 1.9081293582916259, 1.9112254929542543, 1.8797165632247925, 1.8607174754142761, 1.8428739976882935, 1.79856463432312, 1.8124727535247802, 1.7241551327705382, 1.7108567452430725, 1.6754436492919922, 1.6347944808006287, 1.6236081004142762, 1.5858950471878053, 1.579753668308258, 1.533923213481903, 1.5044295120239257, 1.4625883030891418, 1.45869220495224, 1.441073853969574, 1.3950586318969727, 1.345397071838379, 1.3396740555763245, 1.2644668912887573, 1.2583951139450074, 1.2290121173858644, 1.1651076197624206, 1.120291999578476, 1.1303609502315521, 1.0805080819129944, 1.0532707405090331, 1.042801902294159, 0.9834562492370605, 0.9736025333404541, 0.9549306070804596, 0.9035333120822906, 0.9103544807434082, 0.9095591592788697, 0.8522635436058045, 0.8404286336898804, 0.8479395258426666, 0.8083567535877227, 0.7968653106689453, 0.7869569480419158, 0.764580934047699, 0.7613056313991546, 0.7394981491565704, 0.7217722737789154, 0.711187117099762, 0.7081890904903412, 0.6729163551330566, 0.6853156042098999, 0.6889624714851379, 0.6460459959506989, 0.6629825103282928, 0.6603901422023774, 0.6380238723754883, 0.6467923867702484, 0.6332646596431732, 0.6208299428224564, 0.6288128101825714, 0.6244010466337204], "accuracies": [10.0, 10.0, 10.0, 14.26, 12.64, 17.6, 22.05, 24.05, 26.44, 31.04, 39.65, 38.44, 41.27, 46.66, 51.91, 54.82, 58.85, 64.28, 66.99, 68.36, 70.39, 72.71, 73.49, 74.78, 75.73, 76.26, 76.78, 76.8], "pruned_num_parameters": 47665041, "strategy": [0.10727447872474459, 0.672976947784114, 0.20042519360981717, 0.2136333668285737, 0.7767002233166477, 0.5146810479202905, 0.012548679044830636, 0.39710368964508624, 0.056594522574892815, 0.07967495254167851, 0.7087449161787068, 0.2791622106059521, 0.21120658024673034, 0.5242044816162367, 0.7518212269435147], "did_it_train": true}