{"losses": [2.3026652002334593, 2.3027000045776367, 2.3025430727005003, 2.3026347827911375, 2.302574005126953, 2.3025702953338625, 2.302591333389282, 2.302555184364319, 2.3026054668426514, 2.3025341176986696, 2.302563862800598, 2.3024889278411864, 2.302343463897705, 2.302442512512207, 2.302377953529358, 2.3020102310180666, 2.301876301765442, 2.301498284339905, 2.298930425643921, 2.2935804891586304, 2.2491706371307374, 2.0521976566314697, 2.0233825874328613, 1.9680114960670472, 1.9110958003997802, 1.9031751155853271, 1.8699506902694703, 1.8735573363304139, 1.8398763847351074, 1.8124748969078064, 1.7752612948417663, 1.7473877620697023, 1.7381142640113831, 1.66620041847229, 1.6519489121437072, 1.6140669512748718, 1.5770779991149901, 1.5467049741744996, 1.5301034188270568, 1.4650049448013305, 1.4513660073280334, 1.4064033818244934, 1.370172793865204, 1.3430852675437928, 1.322886996269226, 1.2448317289352417, 1.2345960593223573, 1.1898105216026307, 1.1499932956695558, 1.1257729160785674, 1.105933587551117, 1.0592080271244049, 1.0400605165958405, 1.044704521894455, 1.0043021142482758, 1.0019751143455506, 0.9749574446678162, 0.9611347901821137, 0.9490556931495666, 0.9496346831321716, 0.9273805487155914, 0.9237587153911591, 0.9086033129692077, 0.8960697376728057, 0.9081369090080261, 0.9128192484378814], "accuracies": [10.0, 10.0, 10.0, 10.01, 15.02, 16.76, 19.6, 24.55, 26.98, 31.19, 33.91, 40.27, 42.5, 49.7, 54.23, 57.48, 59.78, 64.26, 65.42, 66.58, 67.5, 68.03], "pruned_num_parameters": 61405006, "strategy": [0.06842896414609881, 0.8950115842583553, 0.07778706760407834, 0.28844483353417394, 0.013545059989140363, 0.2943967407777676, 0.5567212359989275, 0.44016866817907974, 0.20660237470153098, 0.3801469471761626, 0.6641336201849677, 0.6599459132186754, 0.2174333049900586, 0.38512797830041107, 0.3144954335979526], "did_it_train": true}