{"losses": [2.302640962600708, 2.302571563720703, 2.302715468406677, 2.302613911628723, 2.30261577129364, 2.302576880455017, 2.3024833393096924, 2.3026473474502565, 2.3026475954055785, 2.3025634193420412, 2.3025897455215456, 2.30261465549469, 2.3025201845169065, 2.3026356172561644, 2.3025650787353515, 2.302523307800293, 2.3024987506866457, 2.302625651359558, 2.302445421218872, 2.3024774169921876, 2.302437663078308, 2.3021888017654417, 2.3021171617507936, 2.3018919801712037, 2.3009645748138428, 2.3000329160690307, 2.2976052522659303, 2.2224751853942872, 2.1405480670928956, 2.0579018115997316, 2.0086543774604797, 1.9691965174674988, 1.9259626746177674, 1.9057495546340943, 1.9063345980644226, 1.8966823935508728, 1.890141921043396, 1.8809885597229004, 1.8710001063346864, 1.8590106558799744, 1.8630269980430603, 1.8493635392189025, 1.8374494123458862, 1.8164884233474732, 1.7885484766960145, 1.7733728551864625, 1.7655904388427734, 1.732492642402649, 1.712734076976776, 1.6875973105430604, 1.656884377002716, 1.6209662055969238, 1.592277467250824, 1.5744917106628418, 1.5309544253349303, 1.5082771730422975, 1.4762772870063783, 1.420455367565155, 1.42048805475235, 1.3796406364440919, 1.3340214252471925, 1.3183491110801697, 1.2603936314582824, 1.2508282899856566, 1.2017090153694152, 1.176766700744629, 1.143993192911148, 1.1354521250724792, 1.1225669002532959, 1.0722027945518493, 1.0473637509346008, 1.0458903217315674, 1.0218118512630463, 0.9886587202548981, 0.9861513161659241, 0.9556565833091736, 0.9460596716403962, 0.9553869867324829, 0.9181079745292664, 0.9186862337589264, 0.9224876582622528, 0.9086106717586517, 0.8884358382225037, 0.911312073469162, 0.897492744922638, 0.8873713707923889, 0.890651959180832], "accuracies": [10.0, 10.0, 10.0, 10.0, 10.0, 10.0, 15.78, 10.45, 15.62, 22.26, 21.7, 20.42, 25.36, 25.68, 27.24, 33.11, 34.35, 40.83, 46.41, 50.7, 50.07, 53.92, 57.29, 61.0, 64.52, 65.22, 66.46, 66.8, 66.91], "pruned_num_parameters": 46687636, "strategy": [0.8095201343084535, 0.21635421048646616, 0.6481979719257992, 0.4739763896279829, 0.6551202703374391, 0.45511022392912054, 0.8900985939434175, 0.11161315310097158, 0.6070192707917693, 0.7740418440003201, 0.42365205931241845, 0.48416077235288485, 0.3412212101717305, 0.4750458385499538, 0.09925509385509726], "did_it_train": true}