{"losses": [2.302563533782959, 2.3026345109939577, 2.3026380920410157, 2.3026186800003052, 2.302600631713867, 2.3025564622879027, 2.3025277280807495, 2.302629270553589, 2.3026678133010865, 2.30258638381958, 2.3025971174240114, 2.3027033281326292, 2.302543435096741, 2.3027038955688477, 2.3026291513442994, 2.3025925970077514, 2.302665467262268, 2.302638807296753, 2.3025711297988893, 2.3025834274291994, 2.302677812576294, 2.302613892555237, 2.302571249008179, 2.3026059532165526, 2.302543430328369, 2.3025919437408446, 2.3026518058776855, 2.3025476837158205, 2.302576780319214, 2.3025938844680787, 2.3024906301498413, 2.3025393533706664, 2.302566590309143, 2.3024622631072997, 2.3024151039123537, 2.302469139099121, 2.3023235750198365, 2.302200508117676, 2.3021406936645508, 2.3017266511917116, 2.3014222240447997, 2.300787301063538, 2.296664762496948, 2.2794888687133787, 2.198092441558838, 2.101731333732605, 2.044469006061554, 2.00156968832016, 1.931516582965851, 1.8939437294006347, 1.907166383266449, 1.8868828988075257, 1.86628760099411, 1.8779538869857788, 1.8606517434120178, 1.839658169746399, 1.8475669288635255, 1.8037319350242615, 1.8072180199623107, 1.774017231464386, 1.7325737857818604, 1.7122057557106019, 1.7208727765083314, 1.6612965703010558, 1.6341515493392944, 1.645186812877655, 1.5810510873794557, 1.5633334469795228, 1.5122846865653992, 1.4985848188400268, 1.4839429140090943, 1.451719286441803, 1.4180120992660523, 1.402282338142395, 1.395861475467682, 1.3591154861450194, 1.3341422700881957, 1.342855453491211, 1.3072687578201294, 1.2895963644981385, 1.2719403624534606, 1.243924813270569, 1.214257972240448, 1.2100691831111907, 1.1767198204994203, 1.1536263632774353, 1.1531512236595154, 1.1206644535064698, 1.1275669538974762, 1.1122616171836852, 1.088175711631775, 1.0961004209518432, 1.0847769832611085, 1.064418969154358, 1.069494537115097, 1.0860011851787568, 1.0508527278900146, 1.0847110319137574, 1.0513651502132415], "accuracies": [10.0, 10.0, 10.0, 10.0, 10.0, 10.0, 10.0, 10.0, 10.0, 10.0, 10.0, 10.0, 13.23, 15.94, 19.24, 21.86, 24.39, 24.11, 25.23, 30.86, 34.61, 38.9, 42.91, 45.56, 42.53, 49.72, 53.26, 55.45, 57.43, 58.12, 59.23, 59.37, 59.76], "pruned_num_parameters": 40421135, "strategy": [0.23682312482336976, 0.7743500374766078, 0.310317894019639, 0.39063659947168966, 0.20879257243469598, 0.7946677900628578, 0.08834210060227742, 0.43743747908531194, 0.8872538978250415, 0.47944483179546876, 0.7142445501590948, 0.600084398744078, 0.3362255643968177, 0.5248390157223325, 0.32330204247859395], "did_it_train": true}