{"losses": [2.3026209926605223, 2.3025098133087156, 2.302693738937378, 2.3026601696014404, 2.3026374197006225, 2.302554559707642, 2.302599539756775, 2.302612657546997, 2.302719068527222, 2.3025533676147463, 2.3025944328308103, 2.302662091255188, 2.302651982307434, 2.3026683855056764, 2.3025797700881956, 2.3025799369812012, 2.3025979709625246, 2.3026672983169556, 2.3024982166290284, 2.302559103965759, 2.3027211904525755, 2.302514200210571, 2.3025716066360475, 2.302589111328125, 2.3024856662750244, 2.3025340843200683, 2.3025165367126466, 2.3023836755752565, 2.3025076484680174, 2.3023620223999024, 2.302251558303833, 2.302244253158569, 2.3021458435058593, 2.301872000694275, 2.301748628616333, 2.301616415977478, 2.300974478721619, 2.3006070947647093, 2.300122103691101, 2.298400111198425, 2.2975482988357543, 2.296505265235901, 2.293466420173645, 2.291780309677124, 2.290408043861389, 2.287917442321777, 2.2875177383422853, 2.2871169090270995], "accuracies": [10.0, 10.0, 10.0, 10.0, 10.0, 10.0, 10.0, 10.0, 13.51, 10.0, 13.65, 16.33, 17.78, 17.31, 16.83, 16.8], "pruned_num_parameters": 83845627, "strategy": [0.5107354789464013, 0.7773488432887906, 0.39119928384696223, 0.6763986270665377, 0.20452458578274396, 0.7995110370249511, 0.012672292317431144, 0.8933746368019047, 0.8060219159517495, 0.7188065794797346, 0.8505037969034356, 0.25984024894384206, 0.27450440850814267, 0.0642195420374196, 0.24403805786571894], "did_it_train": true}