{"losses": [2.3025388288497926, 2.3027281093597414, 2.302625002861023, 2.3025955152511597, 2.3026813793182375, 2.302531795501709, 2.30253936290741, 2.302582402229309, 2.302672543525696, 2.302577805519104, 2.3025929737091064, 2.3026240062713623, 2.3025065755844114, 2.3025707817077636, 2.3026398372650148, 2.3024609518051147, 2.302617907524109, 2.3025531816482543, 2.3024211168289184, 2.302544379234314, 2.302536973953247, 2.302411885261536, 2.3024027967453002, 2.3023417711257936, 2.30222261428833, 2.302025833129883, 2.3019951486587527, 2.3011549854278566, 2.300475387573242, 2.2985364151000978, 2.2497336149215696, 2.170145745277405, 2.127734341621399, 2.0240517449378967, 1.9604589700698853, 1.9179777026176452, 1.8594986748695375, 1.8364288735389709, 1.843271803855896, 1.860923810005188, 1.8576360058784485, 1.7871360087394714, 1.6933072900772095, 1.7040767407417297, 1.6894176745414733, 1.6540192317962648, 1.6302311420440674, 1.6308858919143676, 1.57928893327713, 1.6182053184509277, 1.5587325692176819, 1.5157269597053529, 1.477318937778473, 1.4920383548736573, 1.446591079235077, 1.4112047863006592, 1.3956332039833068, 1.3225813150405883, 1.3069569420814515, 1.281032395362854, 1.2324710297584534, 1.1809822309017182, 1.1684547901153564, 1.1289129424095155, 1.0904419386386872, 1.0721599960327148, 1.0338864648342132, 1.016937484741211, 1.0074053227901458, 0.9676109361648559, 0.9615240657329559, 0.935341876745224, 0.9095848655700683, 0.9006324744224549, 0.880992397069931, 0.851063288450241, 0.8529426229000091, 0.8327197992801666, 0.8150311243534089, 0.7897098684310913, 0.8039527821540833, 0.7626727056503296, 0.7678132438659668, 0.7565293192863465, 0.7265277051925659, 0.7381826663017272, 0.7207753551006317, 0.7135128962993622, 0.7084139442443848, 0.7068426024913788, 0.6959101676940918, 0.6888589096069336, 0.698744866847992, 0.6863548886775971, 0.6763857734203339, 0.6799759089946746], "accuracies": [10.0, 14.18, 10.0, 10.0, 10.0, 10.0, 15.22, 10.0, 15.07, 15.93, 22.85, 23.45, 30.11, 31.43, 28.56, 37.69, 39.8, 39.3, 51.13, 52.35, 48.15, 61.51, 63.64, 62.21, 67.95, 69.18, 69.28, 72.3, 72.88, 73.93, 74.27, 74.34], "pruned_num_parameters": 42582606, "strategy": [0.45942600643337156, 0.4267120758909802, 0.8103605084131001, 0.35314836637410135, 0.4461119322666638, 0.09650721412773279, 0.33965036189964587, 0.6721937418871361, 0.6957803762714652, 0.30101612346556417, 0.7227345875166598, 0.22059437300480747, 0.4178515506574136, 0.4176998079174091, 0.5995585971980469], "did_it_train": true}