{"losses": [2.30263466835022, 2.3026239109039306, 2.302621898651123, 2.3026448249816895, 2.3025773000717162, 2.3025870990753172, 2.3026124095916747, 2.302521891593933, 2.3026429510116575, 2.3025599575042723, 2.302649827003479, 2.3026009130477907, 2.3025832843780516, 2.3025645303726194, 2.302605080604553, 2.302551565170288, 2.3025910568237307, 2.3025905323028564, 2.3025316905975344, 2.302494125366211, 2.3025697898864745, 2.3023683977127076, 2.302517466545105, 2.3023778581619263, 2.302162652015686, 2.302104787826538, 2.3020562887191773, 2.301397614479065, 2.301061010360718, 2.3002740859985353, 2.295679922103882, 2.2843638372421267, 2.196950798034668, 2.0593847680091857, 2.0238278889656067, 1.9619074368476868, 1.9288572216033935, 1.9127697706222535, 1.8892352128028869, 1.8780764031410218, 1.8751024627685546, 1.8619705653190612, 1.8567109775543214, 1.81087575674057, 1.8125324797630311, 1.7620452427864075, 1.7539411187171936, 1.7513621520996094, 1.695634195804596, 1.6702848029136659, 1.6523944020271302, 1.6177651476860047, 1.609440803527832, 1.5629022574424745, 1.5070174860954284, 1.5456593465805053, 1.4740381836891174, 1.3951508235931396, 1.3894761729240417, 1.3574592328071595, 1.3004467940330506, 1.282354280948639, 1.2673632311820984, 1.22155259847641, 1.2047229981422425, 1.177888774871826, 1.1288218426704406, 1.121213080883026, 1.0993273448944092, 1.0500838112831117, 1.0567154705524444, 1.029952071905136, 1.007664499282837, 0.9904565501213074, 0.9595680487155914, 0.9471521818637848, 0.9283906602859497, 0.9409381937980652, 0.9130460262298584, 0.9016509830951691, 0.8838614737987518, 0.8779529917240143, 0.8617020511627197, 0.8534264695644379, 0.862824547290802, 0.8430526161193848, 0.8471831607818604, 0.8517388474941253, 0.8502910387516022, 0.8260199368000031], "accuracies": [10.0, 10.0, 10.0, 10.0, 10.0, 10.0, 12.99, 10.0, 13.71, 17.22, 20.0, 22.43, 25.39, 24.21, 25.64, 35.22, 37.29, 43.8, 46.31, 46.48, 51.13, 56.26, 58.4, 61.97, 62.62, 64.58, 66.7, 67.39, 67.41, 67.73], "pruned_num_parameters": 44382871, "strategy": [0.5216398699448337, 0.13641600223328018, 0.32352288874799257, 0.469353346278585, 0.7565395781159339, 0.6470457370254162, 0.7739159307331365, 0.8807137243205355, 0.5016897383319572, 0.4697308021026088, 0.7370216243112871, 0.2474142330870718, 0.5690420972730436, 0.281237704749222, 0.18254327274610824], "did_it_train": true}