{"losses": [2.3026422882080078, 2.302600998878479, 2.302562656402588, 2.3025787258148194, 2.3025631141662597, 2.3025992488861085, 2.302572937011719, 2.3025752449035646, 2.3025168132781983, 2.3025104331970216, 2.302455859184265, 2.302533345222473, 2.3023995923995972, 2.3024472999572754, 2.3023554992675783, 2.302127523422241, 2.301987452507019, 2.301803789138794, 2.300821704864502, 2.3000620937347414, 2.2981549978256224, 2.268783965110779, 2.17469434261322, 2.1168841123580933, 2.0216908049583435, 1.9704988527297973, 1.9374965167045592, 1.9157512712478637, 1.8981830716133117, 1.8983586072921752, 1.887052938938141, 1.8788177609443664, 1.8731381249427796, 1.8564832067489625, 1.856705813407898, 1.8341689014434814, 1.8154548215866089, 1.8263551449775697, 1.7984345412254334, 1.7710306859016418, 1.7810294246673584, 1.7197675919532776, 1.6899884414672852, 1.6383018541336059, 1.616739354133606, 1.6232306814193727, 1.5244624567031861, 1.5017347168922424, 1.4122951412200928, 1.4092163777351379, 1.3939249444007873, 1.2873273873329163, 1.2770823168754577, 1.2570212602615356, 1.2116261696815491, 1.1331841957569122, 1.1431093966960908, 1.111866136789322, 1.1096664869785309, 1.0810562121868132, 1.0295742678642272, 1.0071982848644256, 0.9900658643245697, 0.934097820520401, 0.9487116467952729, 0.9184177076816559, 0.8918949592113495, 0.8704598808288574, 0.8891588366031646, 0.8193222832679748, 0.8204046511650085, 0.8233904027938843, 0.781128556728363, 0.7867884838581085, 0.7802979588508606, 0.7407007813453674, 0.7321856641769409, 0.7441537046432495, 0.7040364158153534, 0.6996016490459442, 0.6999185085296631, 0.6766853427886963, 0.6607232558727264, 0.671576851606369, 0.6468245673179627, 0.6433629083633423, 0.6396103358268738, 0.6231797432899475, 0.6151762968301773, 0.6049560344219208, 0.5898664623498917, 0.5809990906715393, 0.592272726893425, 0.5749477833509445, 0.5637157988548279, 0.5618657106161118, 0.5515147644281387, 0.5355073475837707, 0.5388272154331207, 0.5241856729984283, 0.5349158865213394, 0.540269245505333, 0.5244504791498185, 0.5115538287162781, 0.5298255294561386, 0.5141316658258438, 0.4993627095222473, 0.5109037125110626, 0.510437108874321, 0.505267049074173, 0.4856586194038391], "accuracies": [10.0, 10.0, 10.0, 10.21, 14.23, 17.78, 17.53, 19.64, 21.87, 23.01, 24.6, 26.85, 31.13, 36.02, 32.6, 45.2, 43.58, 56.69, 53.25, 60.61, 65.71, 64.45, 68.15, 71.26, 70.98, 74.9, 75.77, 76.68, 77.37, 78.5, 78.48, 78.97, 79.29, 79.8, 80.29, 80.31, 80.4], "pruned_num_parameters": 36164081, "strategy": [0.8622781678937624, 0.2714619246483649, 0.7075653378630008, 0.7597291751687034, 0.11745496728458402, 0.42668197213936615, 0.6081092360641115, 0.23254307667355467, 0.08426014193831445, 0.7446256634908767, 0.6776802818802865, 0.028673374730496227, 0.8172037128741823, 0.020217685431906385, 0.1971646042839361], "did_it_train": true}