{"losses": [2.3027282190322875, 2.302537350654602, 2.302657599449158, 2.3026751279830933, 2.3026250791549683, 2.3025955867767336, 2.302508845329285, 2.302506756782532, 2.302609028816223, 2.302403745651245, 2.302541289329529, 2.3023909616470335, 2.3022300004959106, 2.3020920944213867, 2.3019185066223145, 2.300396752357483, 2.2967615365982055, 2.265936861038208, 2.1553752422332764, 2.1103188371658326, 2.0667779850959778, 1.9757267665863036, 1.970068118572235, 1.9357723712921142, 1.8484401679039002, 1.8131376457214357, 1.7867124724388121, 1.7444338917732238, 1.7358792638778686, 1.6974799466133117, 1.6428747153282166, 1.6091658854484558, 1.5720876336097718, 1.5324769735336303, 1.4879983592033386, 1.496460747718811, 1.4471766424179078, 1.4005879378318786, 1.3568257880210877, 1.3142589497566224, 1.2607535314559937, 1.2394217252731323, 1.2132490301132202, 1.153749783039093, 1.13980029463768, 1.0952821922302247, 1.0558705937862396, 1.0782424199581147, 0.9876681053638459, 0.993503886461258, 0.9636807310581207, 0.9284104657173157, 0.9057554340362549, 0.8981388807296753, 0.8720389628410339, 0.8421441483497619, 0.8385933947563171, 0.789837372303009, 0.7984517538547515, 0.7902082777023316, 0.7485880768299102, 0.7463964366912842, 0.726300323009491, 0.6924333953857422, 0.6900956380367279, 0.6729231858253479, 0.6460258603096009, 0.6498963087797165, 0.6419468075037003, 0.602780688405037, 0.6174981951713562, 0.6000410264730454, 0.5793710136413575, 0.5777239829301835, 0.5766457390785217, 0.5475730663537979, 0.5501398801803589, 0.5404799151420593, 0.529675452709198, 0.5231865918636323, 0.5175130534172058, 0.5109688973426819, 0.4978342109918594, 0.4940334767103195, 0.4846827006340027, 0.48399718701839445, 0.47841435730457305, 0.4625611501932144, 0.46686742663383485, 0.47480527698993685, 0.46981813430786135, 0.4572078460454941, 0.4552275103330612], "accuracies": [10.0, 10.0, 10.0, 10.0, 15.79, 18.2, 24.2, 28.7, 35.0, 37.78, 41.75, 36.55, 43.17, 49.67, 60.89, 63.64, 64.17, 65.33, 67.98, 71.52, 71.58, 74.33, 76.93, 77.96, 78.89, 79.49, 79.46, 80.15, 80.44, 80.6, 80.97], "pruned_num_parameters": 43821499, "strategy": [0.8349481442116767, 0.2668128355425016, 0.18136229603833753, 0.25067580749368534, 0.005934279553773336, 0.7616615791148725, 0.47667817381523603, 0.141527524964118, 0.7840906941956375, 0.30183614580240076, 0.013679416692117996, 0.13328926821748024, 0.22522806055583913, 0.5870750738655128, 0.45549126228413883], "did_it_train": true}