{"losses": [2.302625241279602, 2.302551498413086, 2.3026556539535523, 2.3026042699813845, 2.3026552534103395, 2.3026047277450563, 2.3025908422470094, 2.3025336599349977, 2.3026701545715333, 2.302598824501038, 2.302622528076172, 2.30259961605072, 2.3026000022888184, 2.302624907493591, 2.302614369392395, 2.302467255592346, 2.302677245140076, 2.302720799446106, 2.3025470066070555, 2.3025561571121216, 2.3027819442749022, 2.302550106048584, 2.30261474609375, 2.3026713609695433, 2.3025672912597654, 2.3025789213180543, 2.302685890197754, 2.302600374221802, 2.3025583171844484, 2.3026171779632567, 2.3025576066970825, 2.302510585784912, 2.30259428024292, 2.3025129556655886, 2.302429337501526, 2.3025421476364136, 2.3023209285736086, 2.3025082302093507, 2.3023390436172484, 2.3021153450012206, 2.3019336223602296, 2.301818680763245, 2.3004045200347902, 2.2984679174423217, 2.284860916137695, 2.1496870946884155, 2.116879105567932, 2.063912627696991, 2.004076244831085, 1.9439507555961608, 1.9339815425872802, 1.895864610671997, 1.8841317987442017, 1.8863472819328309, 1.8683603978157044, 1.857338581085205, 1.840973892211914, 1.8194339537620545, 1.784384958744049, 1.7669974780082702, 1.7366748976707458, 1.7164452958106995, 1.7265823125839233, 1.6726433062553405, 1.6371966648101806, 1.6281335592269897, 1.580998775959015, 1.5394752144813537, 1.521360170841217, 1.4749605679512023, 1.4678006553649903, 1.426509027481079, 1.399487009048462, 1.3802806305885316, 1.3434420585632325, 1.2961072540283203, 1.325717339515686, 1.2506653308868407, 1.2467302584648132, 1.1937673902511596, 1.1776730382442475, 1.118799362182617, 1.0967686188220978, 1.0789551782608031, 1.0339329099655152, 1.0144434463977814, 1.0182912302017213, 0.9578923153877258, 0.9551411688327789, 0.923634009361267, 0.8996059679985047, 0.887189998626709, 0.8629010307788849, 0.8557036995887757, 0.8334412634372711, 0.8270007348060608, 0.8039995205402374, 0.7988147389888763, 0.7908631002902985, 0.7666410541534424, 0.7557177853584289, 0.7518448567390442, 0.7204190552234649, 0.7339542853832245, 0.741359258890152, 0.7170688378810882, 0.7060550153255463, 0.7115473628044129, 0.6785964608192444, 0.683554300069809, 0.6842212843894958, 0.6680703854560852, 0.6616067063808441, 0.6617230939865112, 0.6551630711555481, 0.6462417006492615, 0.6614006525278091, 0.6478422570228577, 0.6455746519565583, 0.6594128370285034], "accuracies": [10.0, 10.0, 10.0, 10.0, 10.0, 10.0, 10.0, 10.0, 10.0, 10.0, 14.38, 13.02, 13.52, 15.24, 18.47, 10.55, 23.28, 26.13, 22.7, 28.76, 34.7, 35.67, 41.97, 42.43, 52.08, 50.65, 58.88, 60.86, 63.86, 67.28, 68.15, 70.12, 70.2, 72.36, 72.69, 74.07, 74.1, 74.48, 74.95, 75.12], "pruned_num_parameters": 33281894, "strategy": [0.70202527920828, 0.26682992803205885, 0.28505637334838735, 0.5428478629513362, 0.2679750792067451, 0.11931488104839372, 0.5845653575599737, 0.38771166221988573, 0.20451684572623316, 0.7399882877571096, 0.8515837371405793, 0.8343439774658375, 0.399139784269975, 0.5726067089608803, 0.4810219528401255], "did_it_train": true}