{"losses": [2.302651915550232, 2.3026253747940064, 2.302584800720215, 2.3026417779922483, 2.3025757598876955, 2.3025557947158815, 2.3025415563583373, 2.3025858926773073, 2.302568073272705, 2.302465114593506, 2.3024976205825807, 2.302567706108093, 2.3023450756073, 2.3024019050598143, 2.302252826690674, 2.301958861351013, 2.301799144744873, 2.3017572498321535, 2.3001609086990356, 2.2990410995483397, 2.2947146606445314, 2.218007135391235, 2.0839680433273315, 2.0520115280151368, 1.9453487515449523, 1.9115491199493408, 1.898899941444397, 1.856431872844696, 1.8545801401138307, 1.826837387084961, 1.784458701610565, 1.7536917090415955, 1.7271154284477235, 1.7230952405929565, 1.6744770193099976, 1.6425339198112487, 1.6410734176635742, 1.5912441039085388, 1.583109233379364, 1.5588817048072814, 1.5165595626831054, 1.5151688051223755, 1.4543557167053223, 1.418954815864563, 1.3951387739181518, 1.3442643666267395, 1.3208171439170837, 1.3036076855659484, 1.2235429644584657, 1.2084397077560425, 1.1886591708660126, 1.1342235374450684, 1.1130757689476014, 1.0776916575431823, 1.0694450545310974, 1.0409288358688356, 1.00989013671875, 0.9942517757415772, 0.9939099264144897, 0.9960386085510254, 0.9694281816482544, 0.9703725123405457, 0.9866573190689087], "accuracies": [10.0, 10.0, 10.0, 10.0, 10.0, 12.25, 18.78, 22.47, 26.54, 25.27, 32.96, 36.15, 41.72, 43.26, 48.61, 50.06, 56.33, 58.82, 61.17, 62.45, 63.04], "pruned_num_parameters": 64133566, "strategy": [0.19341933539346354, 0.2458111895905452, 0.14589970815575873, 0.06220932297002459, 0.8582011073524614, 0.8682267445455393, 0.8500062488509991, 0.5284813863634276, 0.38206564950404126, 0.2996580288875894, 0.22849588021446335, 0.7821796337653429, 0.5515331797440948, 0.02164662084920267, 0.08711058450467779], "did_it_train": true}