{"losses": [2.3025278997421266, 2.3026397609710694, 2.3026795959472657, 2.302601237297058, 2.302576532363892, 2.3026308250427245, 2.3026274967193605, 2.3026239538192748, 2.3026268339157103, 2.302568573951721, 2.30264000415802, 2.3026479959487913, 2.3025644493103026, 2.302560977935791, 2.3025802087783815, 2.302482318878174, 2.302527370452881, 2.302448716163635, 2.30208402633667, 2.3023256492614745, 2.3020404386520386, 2.301374888420105, 2.3009386014938356, 2.300040946006775, 2.29359139919281, 2.2758350563049317, 2.159290533065796, 2.032828266620636, 1.9984027743339539, 1.968836898803711, 1.9376871705055236, 1.9113050508499145, 1.8963448977470398, 1.8873727679252625, 1.8748463606834411, 1.8691469812393189, 1.8636746525764465, 1.849333155155182, 1.8356294202804566, 1.8307716846466064, 1.8102167916297913, 1.8122138023376464, 1.789548773765564, 1.7728032970428467, 1.7673725867271424, 1.7434864234924317, 1.7375673675537109, 1.7452079391479491, 1.7036011815071106, 1.7007464122772218, 1.6844468426704406, 1.6615957951545715, 1.6544863176345825, 1.6394912672042847, 1.6408020925521851, 1.6325244498252869, 1.6189880084991455], "accuracies": [10.0, 10.0, 10.0, 10.0, 14.18, 10.0, 10.72, 20.66, 17.91, 20.43, 23.58, 22.43, 25.83, 27.97, 31.17, 32.3, 35.75, 36.91, 37.56], "pruned_num_parameters": 71520152, "strategy": [0.7950816627744178, 0.7758078959264922, 0.4936191204859703, 0.8036723067830047, 0.6407033764263035, 0.2918566974739102, 0.8235501829824932, 0.8815913005192736, 0.2936855164082072, 0.33219822089870416, 0.4350018329837627, 0.23969955743623295, 0.16336921078539257, 0.3103616835139521, 0.3747204946306097], "did_it_train": true}