{"losses": [2.3025887489318846, 2.3025942611694337, 2.302581272125244, 2.3026086044311525, 2.3026142072677613, 2.3026410055160524, 2.3025624465942385, 2.3026464223861693, 2.302613391876221, 2.3026278495788572, 2.302612977027893, 2.302612724304199, 2.30262921333313, 2.3025944948196413, 2.3027457332611085, 2.3025857257843017, 2.3026028299331665, 2.302786946296692, 2.302634844779968, 2.302616901397705, 2.302686471939087, 2.3025832748413086, 2.3027047538757324, 2.3026817893981932, 2.3025790357589724, 2.3027411317825317, 2.30260374546051, 2.3026305103302, 2.3026354455947877, 2.302690224647522, 2.302612156867981, 2.3026005697250365, 2.302770161628723, 2.3025991201400755, 2.3026663398742677, 2.3026875162124636, 2.3026064348220827, 2.3027171754837035, 2.302699408531189, 2.3026007223129272, 2.3026555156707764, 2.302713351249695, 2.30259072303772, 2.3027034282684324, 2.3026965284347534, 2.302648706436157, 2.3026333045959473, 2.302614827156067, 2.302541723251343, 2.3027343463897707, 2.3026118326187133, 2.302625985145569, 2.3025734186172486, 2.3026841259002686, 2.3025891017913818, 2.3026077938079834, 2.302678623199463, 2.3025422525405883, 2.302612624168396, 2.302703332901001, 2.3024957609176635, 2.3026537895202637, 2.302635293006897, 2.3025915241241455, 2.302547740936279, 2.3025992918014526, 2.3025456953048704, 2.3025623846054075, 2.302544746398926, 2.302457504272461, 2.3024939060211183, 2.3026381635665896, 2.3024992895126344, 2.3025017023086547, 2.3025209045410158, 2.302478256225586, 2.302467017173767, 2.3024166011810303, 2.302387776374817, 2.3024048089981077, 2.3024042797088624, 2.302320523262024, 2.3023840856552122, 2.302349066734314, 2.3022647285461426, 2.3022555208206175, 2.302254614830017, 2.302188286781311, 2.3021672534942628, 2.302176957130432, 2.3020721864700318, 2.3020221328735353, 2.3020681953430175, 2.3019630241394045, 2.301911406517029, 2.301934061050415, 2.301843876838684, 2.301840314865112, 2.301791205406189, 2.301760172843933, 2.3017509889602663, 2.3017519998550413, 2.3017121267318728, 2.301706938743591, 2.301679964065552, 2.3016572189331055, 2.301701765060425, 2.3016939878463747], "accuracies": [10.0, 10.0, 10.0, 10.0, 10.0, 10.0, 10.0, 10.0, 10.0, 10.0, 10.11, 10.0, 10.0, 10.0, 10.0, 10.0, 10.0, 10.0, 10.0, 10.0, 10.0, 10.0, 10.0, 10.0, 15.53, 10.0, 10.01, 14.71, 16.62, 16.7, 16.18, 16.28, 16.7, 17.03, 16.63, 16.73], "pruned_num_parameters": 37306623, "strategy": [0.6671098978485008, 0.37280963671258255, 0.724174865047992, 0.5668857152631599, 0.7768695307549096, 0.3800116172181896, 0.320450206880916, 0.6406228730162861, 0.18386048548317743, 0.802433365680774, 0.7476672355782842, 0.5085806641723233, 0.4998901163645872, 0.37861124508098, 0.7488472954173486], "did_it_train": true}