{"losses": [2.302500243186951, 2.302679667472839, 2.3026297760009764, 2.3024999284744263, 2.3027146673202514, 2.302608003616333, 2.3025610637664795, 2.3025200271606447, 2.302658348083496, 2.3025565433502195, 2.3025740671157835, 2.302567467689514, 2.302452259063721, 2.302581577301025, 2.3025781679153443, 2.3024755096435547, 2.302424974441528, 2.3024311780929567, 2.302283821105957, 2.3022681045532227, 2.302201566696167, 2.3017832231521607, 2.301425824165344, 2.300790019035339, 2.2913954305648803, 2.280963673591614, 2.297181830406189, 2.2603429555892944, 2.19296790599823, 2.131133804321289, 2.051006352901459, 2.0105584716796874, 1.966680965423584, 1.93761212348938, 1.8729669117927552, 1.8611089420318603, 1.8095138478279114, 1.7759946608543395, 1.7781870508193969, 1.7180384922027587, 1.6781109046936036, 1.6962130355834961, 1.6225301909446717, 1.6154474234580993, 1.61553795337677, 1.544618456363678, 1.5253085017204284, 1.5016432642936706, 1.453750581741333, 1.4346325540542602, 1.395813488960266, 1.3392316603660583, 1.3265038228034973, 1.2687988734245301, 1.2347691941261292, 1.204536142349243, 1.199627573490143, 1.1420299327373504, 1.1216074180603028, 1.0968455648422242, 1.0671731400489808, 1.021779614686966, 1.0227302253246306, 1.0026343703269958, 0.9606402349472046, 0.9514188444614411, 0.9238697159290313, 0.9130657076835632, 0.898388683795929, 0.866271903514862, 0.837148277759552, 0.8452422678470611, 0.8229633247852326, 0.7923970007896424, 0.8074388265609741, 0.7717350935935974, 0.7640422129631043, 0.7480009484291077, 0.7161828684806824, 0.7121226716041565, 0.7026420319080353, 0.6841873931884765, 0.6809336793422699, 0.6790140628814697, 0.6509455299377441, 0.6659751415252686, 0.6387657344341278, 0.6200707685947419, 0.6300149995088578, 0.6007192540168762, 0.5919598215818405, 0.588396914601326, 0.605581077337265, 0.5726907205581665, 0.5723964983224868, 0.5640019023418427, 0.5607221966981888, 0.5747940230369568, 0.5501849466562271, 0.5326628202199936, 0.5461234122514724, 0.5378869152069092, 0.5375363278388977, 0.5418721532821655, 0.5272251123189926], "accuracies": [10.0, 10.0, 10.0, 10.0, 10.0, 10.0, 14.0, 20.06, 11.88, 22.4, 17.12, 26.98, 30.81, 36.79, 40.54, 42.19, 49.98, 53.58, 55.4, 60.44, 58.68, 65.84, 67.19, 67.53, 71.29, 72.22, 74.26, 74.47, 76.43, 76.62, 78.06, 78.37, 78.94, 79.24, 79.34], "pruned_num_parameters": 38265887, "strategy": [0.08170647748426713, 0.5791717290361628, 0.06705944585903316, 0.7452432126957947, 0.07626090563283443, 0.012740689740295208, 0.778896076843303, 0.8359191923969406, 0.11240285459750562, 0.01557254991209076, 0.4190820512654151, 0.07932140955528065, 0.42197178147096975, 0.516661318749745, 0.7033594687487037], "did_it_train": true}