{"losses": [2.3025929927825928, 2.302699799537659, 2.3025386428833006, 2.3024431371688845, 2.3024664640426638, 2.302545166015625, 2.302260551452637, 2.3022430419921873, 2.3020222902297975, 2.301162991523743, 2.3000494050979614, 2.294493489265442, 2.1490025234222414, 2.217029318809509, 2.3113360595703125, 2.3037850141525267, 2.3028213930130006, 2.3007752466201783, 2.216226806640625, 2.1215883779525755, 2.0542206287384035, 1.9253953790664673, 1.9021497893333434, 1.8605904245376588, 1.7977694630622865, 1.7699028396606444, 1.7550836849212645, 1.7086210465431213, 1.6656186866760254, 1.6423499393463135, 1.604101424217224, 1.5923719334602355, 1.550880765914917, 1.5069467186927796, 1.474199194908142, 1.471345682144165, 1.447340829372406, 1.4340181636810303, 1.42710444688797], "accuracies": [10.0, 11.28, 14.22, 17.2, 10.0, 9.61, 21.95, 27.66, 26.21, 22.13, 40.77, 44.12, 44.72], "pruned_num_parameters": 103770537, "strategy": [0.36101750560276047, 0.2768740510293193, 0.4476241225890283, 0.3949035473184818, 0.04507891430979982, 0.03948054562138672, 0.3678122093668553, 0.04413714527357975, 0.8271096864876555, 0.6005421956880481, 0.08740010235434074, 0.6092250257210883, 0.12943340767344294, 0.03290441429668269, 0.2463653856466166], "did_it_train": true}