{"losses": [2.30267427444458, 2.302561445236206, 2.302541880607605, 2.302619290351868, 2.302634320259094, 2.302626676559448, 2.30263614654541, 2.3025892114639284, 2.3026542186737062, 2.302567729949951, 2.302574634552002, 2.3026722192764284, 2.302587614059448, 2.3025825452804565, 2.3026043176651, 2.302483248710632, 2.3025572156906127, 2.302511248588562, 2.3024052429199218, 2.302384123802185, 2.302458100318909, 2.302202343940735, 2.3021963262557983, 2.302258515357971, 2.301700859069824, 2.301842646598816, 2.301552562713623, 2.300577092170715, 2.2999965381622314, 2.2988355016708373, 2.2928174543380737, 2.2844417190551756, 2.2629666185379027, 2.0956785464286805, 1.9963290357589722, 1.9679437518119811, 1.9079170751571655, 1.8816830229759216, 1.8570762062072754, 1.7878445482254028, 1.7677059435844422, 1.7537231373786926, 1.7322251605987549, 1.7054314136505127, 1.7024874210357666, 1.6915352058410644, 1.7013140153884887, 1.6795071959495544], "accuracies": [10.0, 10.0, 10.0, 12.76, 10.0, 10.0, 11.67, 12.8, 15.51, 15.39, 16.79, 23.45, 28.77, 30.4, 33.04, 32.82], "pruned_num_parameters": 82035017, "strategy": [0.7465100057699915, 0.3819643594133852, 0.3342664422685198, 0.8006328844718574, 0.19687866512231164, 0.8799095448283147, 0.6036710439026081, 0.7057788501127467, 0.09442493348143924, 0.22829153982931494, 0.6802421824311102, 0.6971408558911382, 0.14368606400176637, 0.2327439460847517, 0.1838837616728952], "did_it_train": true}