{"losses": [2.30255202293396, 2.302582206726074, 2.302679944038391, 2.30257670879364, 2.3026425790786744, 2.3026220560073853, 2.3025398731231688, 2.3026042652130125, 2.302583861351013, 2.3025470685958864, 2.30257230758667, 2.30252583026886, 2.302445945739746, 2.3024841737747193, 2.3024222373962404, 2.3023078060150146, 2.3021956729888915, 2.3023616647720337, 2.3019981670379637, 2.301847748756409, 2.3015789461135863, 2.3009013748168945, 2.300040454864502, 2.2989272594451906, 2.289346070289612, 2.2537911891937257, 2.2084609127044676, 2.0293508076667788, 1.9777654719352722, 1.9419613933563233, 1.8891830444335938, 1.8947898149490356, 1.8736103796958923, 1.8196258068084716, 1.7892902374267579, 1.7703875350952147, 1.7145804071426392, 1.6916884803771972, 1.6768653202056885, 1.6361223578453064, 1.6363770413398742, 1.6044715356826782, 1.5641636800765992, 1.5558516216278075, 1.5524754881858827, 1.5058587026596069, 1.5145295572280884, 1.4959785890579225, 1.4886690831184388, 1.4774293422698974, 1.4787157678604126], "accuracies": [10.0, 10.0, 10.72, 12.08, 10.0, 10.0, 15.23, 16.26, 18.11, 24.03, 25.18, 33.97, 36.5, 39.43, 41.21, 42.17, 42.87], "pruned_num_parameters": 78370699, "strategy": [0.8898302685734677, 0.5817006269182742, 0.009618549259971866, 0.7105687059035509, 0.07567449728959476, 0.8312955602384141, 0.793032272519496, 0.7527941740001776, 0.19371009696202965, 0.763129841315613, 0.08599853422665246, 0.36642341025794534, 0.29703442601449637, 0.14743967459524066, 0.12242397218081662], "did_it_train": true}