{"losses": [2.3026201581954955, 2.3025594186782836, 2.3026637506484984, 2.30260516166687, 2.302542304992676, 2.3026958990097044, 2.302595067024231, 2.302540593147278, 2.302666730880737, 2.3025444650650027, 2.30252658367157, 2.3025449657440187, 2.30252968788147, 2.302461152076721, 2.3025874090194702, 2.302369713783264, 2.3023703956604002, 2.302353048324585, 2.3020337581634522, 2.3017948389053347, 2.301346321105957, 2.2964742851257323, 2.263430161476135, 2.195421838760376, 2.1089748334884644, 2.0535932755470276, 2.0043970274925234, 1.933000226020813, 1.9143546533584594, 1.8910822415351867, 1.8537720847129822, 1.8604900574684142, 1.8498933124542236, 1.8146647906303406, 1.7955442357063294, 1.7552490210533143, 1.7185700583457946, 1.6955137991905211, 1.6654695510864257, 1.6470851659774781, 1.6212740874290466, 1.624472007751465, 1.5879466605186463, 1.5580372714996338, 1.536204330921173, 1.5031268525123596, 1.4991969394683837, 1.5012097096443175, 1.4754603266716004, 1.4633786845207215, 1.4741451334953308], "accuracies": [10.0, 10.0, 10.0, 10.0, 10.0, 10.0, 18.48, 19.12, 23.39, 22.24, 28.65, 32.6, 36.74, 39.62, 41.32, 41.87, 43.08], "pruned_num_parameters": 78390173, "strategy": [0.47408798707091765, 0.6540122118544676, 0.33818711511002514, 0.3291181031541503, 0.6042967855209803, 0.5704273507954227, 0.2995087828758117, 0.8560033225935081, 0.029333416795147917, 0.43569002734370427, 0.3316031507482738, 0.8315384323954105, 0.32716197314433226, 0.02462803924125492, 0.5469032760401266], "did_it_train": true}