{"losses": [2.3025727319717406, 2.3026009130477907, 2.302595067024231, 2.302519750595093, 2.3026118516921996, 2.302643961906433, 2.3025441360473633, 2.302582836151123, 2.302572002410889, 2.302526578903198, 2.302571167945862, 2.3025597810745237, 2.3024873304367066, 2.302507266998291, 2.302494025230408, 2.3023282051086427, 2.302538027763367, 2.3023755979537963, 2.3022199392318727, 2.3020132064819334, 2.301970386505127, 2.301046442985535, 2.299745397567749, 2.2952124166488646, 2.161542510986328, 2.080159752368927, 2.035221996307373, 1.9452940869331359, 1.9096357464790343, 1.9092677283287047, 1.8877420210838318, 1.85941880941391, 1.8506626534461974, 1.8019946026802063, 1.7739246821403503, 1.7618025469779968, 1.7212854146957397, 1.710730667114258, 1.7342743039131165, 1.8533491849899293, 1.685168423652649, 1.6258609080314637, 1.575033187866211, 1.563110122680664, 1.543097984790802, 1.5014654874801636, 1.4771040892601013, 1.4426730179786682, 1.3772917819023132, 1.3689352250099183, 1.3278678965568542, 1.2731700897216798, 1.2738877463340759, 1.2296013259887695, 1.1822005081176759, 1.1433432710170746, 1.1364374220371247, 1.076125946044922, 1.0680576384067535, 1.0128719675540925, 0.9967102205753327, 0.9620830953121186, 0.9421228110790253, 0.9168472516536713, 0.8934405529499054, 0.8891241550445557, 0.8642343664169312, 0.8439230418205261, 0.8356146216392517, 0.8050121641159058, 0.7946108913421631, 0.7907004642486573, 0.7714257752895355, 0.7637009453773499, 0.7510613024234771, 0.7289839935302734, 0.735405124425888, 0.7423617005348205, 0.7174212515354157, 0.7003662812709809, 0.7118849992752075, 0.7108446943759918, 0.6988527202606201, 0.694492701292038], "accuracies": [10.0, 14.33, 10.0, 10.0, 10.52, 10.0, 10.0, 19.32, 23.12, 25.08, 29.53, 30.81, 25.03, 38.57, 42.53, 44.41, 51.62, 56.24, 59.13, 60.72, 66.17, 68.2, 69.88, 71.26, 72.82, 73.27, 73.98, 74.07], "pruned_num_parameters": 47648579, "strategy": [0.15080646571538922, 0.7166178209719196, 0.553072708127279, 0.4404514758852631, 0.3762316151496261, 0.1720724575859494, 0.31565428320905786, 0.34037702366148453, 0.5571677432440633, 0.33442180788711434, 0.7100443975072557, 0.544279447182457, 0.3004203592476172, 0.4776296760978437, 0.3337245837337478], "did_it_train": true}