{"losses": [2.3025602674484253, 2.3025871229171755, 2.302683115005493, 2.3026234483718873, 2.3025985097885133, 2.302560358047485, 2.3025878143310545, 2.302607870101929, 2.3026300573349, 2.3025458908081053, 2.3024996376037596, 2.3025538682937623, 2.3024644374847414, 2.302348871231079, 2.302395124435425, 2.302112789154053, 2.301898937225342, 2.3017138910293578, 2.300461463928223, 2.2990810203552248, 2.294475893974304, 2.159415879249573, 2.091036310195923, 2.0590731620788576, 1.9659778141975404, 1.9333223581314087, 1.9295200061798097, 1.878485131263733, 1.8708275604248046, 1.8570568370819092, 1.826591935157776, 1.8044637537002564, 1.7708274817466736, 1.711991102695465, 1.680881323814392, 1.6419443011283874, 1.5996563839912414, 1.5842383742332458, 1.5589853620529175, 1.51228816986084, 1.489884216785431, 1.473632938861847, 1.4149941515922546, 1.399614839553833, 1.3898557281494142, 1.3493148159980775, 1.3225954103469848, 1.3248204851150513, 1.268519597053528, 1.283070559501648, 1.2602938938140869, 1.2385627555847167, 1.2127304768562317, 1.2140499639511109, 1.2226143288612366, 1.1965752720832825, 1.1901276659965516], "accuracies": [10.0, 10.0, 10.0, 13.08, 10.0, 15.07, 16.81, 22.36, 25.2, 27.33, 32.66, 35.47, 41.66, 45.8, 49.05, 49.11, 52.64, 54.66, 54.98], "pruned_num_parameters": 71631498, "strategy": [0.5227934046338603, 0.5931090742101074, 0.7412986253381072, 0.3594095084795743, 0.7270365959055934, 0.5379476598774431, 0.21339491634930016, 0.531998017376551, 0.3671552075124808, 0.6886773638909525, 0.7714357148971478, 0.4103528182700289, 0.456284074092216, 0.04335945544415167, 0.0657185046134544], "did_it_train": true}