{"losses": [2.3025825214385987, 2.3025898838043215, 2.3026565742492675, 2.3026737928390504, 2.302593250274658, 2.30258864402771, 2.3025788974761965, 2.302597846984863, 2.3026021242141725, 2.3025160455703735, 2.3025412940979004, 2.3025914573669435, 2.3024780416488646, 2.302518982887268, 2.302430443763733, 2.302297797203064, 2.302251319885254, 2.3021569538116453, 2.3016326379776, 2.3011456680297853, 2.300313172340393, 2.285183839797974, 2.200177021026611, 2.1277518844604493, 2.0178765845298767, 1.9813363194465636, 1.988228611946106, 1.9086437106132508, 1.8973188781738282, 1.8771837615966798, 1.8683294892311095, 1.845311017036438, 1.8329833555221557, 1.7881915259361267, 1.7781016421318054, 1.7493264079093933, 1.7202171778678894, 1.676700005531311, 1.6809196448326111, 1.630386197566986, 1.610172619819641, 1.5966583538055419, 1.5698423600196838, 1.5462117958068848, 1.5104804944992065, 1.49009051322937, 1.4559836554527283, 1.4576470065116882, 1.3768188214302064, 1.3723748111724854, 1.3071225190162659, 1.3237833237648011, 1.2409063935279847, 1.198319478034973, 1.1517392849922181, 1.1262942993640899, 1.1196082830429077, 1.0634123694896698, 1.0277937698364257, 1.0338937151432037, 0.9737686800956726, 0.9695549142360688, 0.9557208681106567, 0.9017726159095765, 0.8988895523548126, 0.8745044314861298, 0.859061518907547, 0.833980165719986, 0.8189084100723266, 0.7968613719940185, 0.7822172284126282, 0.7659255814552307, 0.7577551507949829, 0.7265452468395233, 0.7307261967658997, 0.7011488783359527, 0.6951448345184326, 0.6997171211242675, 0.6800319349765778, 0.6702640497684479, 0.6527948749065399, 0.638115519285202, 0.6403005528450012, 0.6430692732334137, 0.6161923778057098, 0.6287172800302505, 0.6255231630802155, 0.5971021908521652, 0.6214779001474381, 0.6052153426408767, 0.6075699323415756, 0.6060457491874695, 0.5915239149332047], "accuracies": [10.0, 10.0, 10.0, 10.06, 10.0, 14.8, 16.42, 22.27, 24.33, 26.55, 29.33, 32.5, 35.0, 32.75, 45.27, 47.24, 53.07, 54.21, 60.94, 65.39, 64.49, 67.38, 70.58, 72.18, 73.1, 73.54, 75.55, 76.65, 76.45, 76.98, 77.17], "pruned_num_parameters": 42851247, "strategy": [0.3840368868278642, 0.7635809820957677, 0.4324384245876747, 0.03952802709961272, 0.4748404215582352, 0.1024164326513957, 0.6635931791167238, 0.812651006260592, 0.07802051599063685, 0.11696215300017329, 0.5544806593105056, 0.3324356499872848, 0.1653679796091686, 0.6149269671957777, 0.4149472588103927], "did_it_train": true}