{"losses": [2.3025767469406127, 2.3026688528060912, 2.302639503479004, 2.3025307178497316, 2.3025945472717284, 2.30266366481781, 2.302624249458313, 2.3025387859344484, 2.3026824617385864, 2.3026095533370974, 2.3025579023361207, 2.302560715675354, 2.302431206703186, 2.302580885887146, 2.3025279569625856, 2.302412791252136, 2.3023906469345095, 2.3025484037399293, 2.302146053314209, 2.3021400690078737, 2.3021444940567015, 2.3014956665039064, 2.30105721950531, 2.3001291751861572, 2.291548752784729, 2.235801296234131, 2.124635968208313, 2.0298654222488404, 1.9763527917861938, 1.9111950707435608, 1.8788133144378663, 1.8663358616828918, 1.852754909992218, 1.8253858184814453, 1.8098519134521485, 1.7805872392654418, 1.7441328597068786, 1.7206185030937196, 1.6949254608154296, 1.662709152698517, 1.6547323274612427, 1.6448094248771667, 1.6110991764068603, 1.5949901485443114, 1.580525689125061, 1.5664433312416077, 1.5304800295829772, 1.5394400787353515, 1.5305169129371643, 1.5334199333190919, 1.5152395510673522], "accuracies": [10.0, 10.0, 10.0, 10.0, 10.0, 10.0, 13.93, 17.13, 20.91, 24.64, 26.78, 31.17, 33.28, 37.16, 39.01, 40.57, 40.67], "pruned_num_parameters": 79899207, "strategy": [0.594085340476826, 0.7879722864302164, 0.7080521398577082, 0.141825059924917, 0.16381013965067123, 0.1998952703636203, 0.4611302411443542, 0.8897724699027351, 0.6143486369012233, 0.8958986631772224, 0.2812280724071034, 0.16022361213053646, 0.2173322200894467, 0.21086507977149674, 0.09144982542212873], "did_it_train": true}