{"losses": [2.302666664123535, 2.302617001533508, 2.3026700115203855, 2.302631039619446, 2.3025842761993407, 2.3025480365753173, 2.3026812648773194, 2.3025918006896973, 2.3025864124298097, 2.302566785812378, 2.302682752609253, 2.302602181434631, 2.302568440437317, 2.3026268339157103, 2.302650661468506, 2.302527403831482, 2.30271812915802, 2.302612361907959, 2.302610754966736, 2.302607927322388, 2.302702684402466, 2.302551856040955, 2.3027250289916994, 2.302657194137573, 2.3025048208236694, 2.3028055667877196, 2.3025954437255858, 2.302634425163269, 2.3026285219192504, 2.3026798439025877, 2.3026054096221924, 2.3026708126068116, 2.302585172653198, 2.302551145553589, 2.302628421783447, 2.3026667070388793, 2.302521767616272, 2.3026269626617433, 2.3026690912246703, 2.3025816535949706, 2.3025133562088014, 2.302714490890503, 2.3025623559951782, 2.3026331090927123, 2.3026034688949584, 2.302517261505127, 2.302575879096985, 2.3026115894317627, 2.3024304151535033, 2.3024725246429445, 2.3026566982269285, 2.302513074874878, 2.302532215118408, 2.3024831199645996, 2.3024113512039186, 2.302515468597412, 2.3024434280395507, 2.3023443174362184, 2.302393035888672, 2.3023517513275147, 2.302139229774475, 2.3022254943847655, 2.3022394323349, 2.3019754981994627, 2.301956968307495, 2.3018655014038085, 2.3013786268234253, 2.3012098360061644, 2.3008689641952516, 2.299353795051575, 2.2974965286254885, 2.29428466796875, 2.2429576587677, 2.139117636680603, 2.045499677658081, 1.94363196849823, 1.9374787211418152, 1.8960337519645691, 1.8492369627952576, 1.8046750593185426, 1.7895749974250794, 1.7384039425849915, 1.7285791063308715, 1.725370111465454, 1.6997357678413392, 1.6797232627868652, 1.6430534410476685, 1.6434230852127074, 1.6201853919029237, 1.6124823594093323, 1.588088915348053, 1.561901693344116, 1.5627409172058107, 1.5268696713447572, 1.5170940732955933, 1.4916336417198182, 1.4695227193832396, 1.4531798911094667, 1.4409095382690429, 1.4192336583137513, 1.41223717212677, 1.3965307903289794, 1.3643681359291078, 1.3540932869911193, 1.354295620918274, 1.3224267888069152, 1.31193133354187, 1.2942108035087585, 1.2866175055503846, 1.2748591423034668, 1.2770193386077882, 1.2561978030204772, 1.2672057104110719, 1.2739345860481261, 1.2620664501190186, 1.2686465096473694, 1.239519555568695], "accuracies": [10.0, 10.0, 10.0, 10.0, 10.0, 10.0, 10.0, 10.0, 10.0, 12.62, 10.0, 10.0, 10.0, 10.0, 11.59, 10.0, 10.0, 13.79, 14.99, 10.0, 12.57, 17.67, 17.02, 16.18, 20.89, 27.28, 30.83, 34.14, 33.14, 28.83, 41.76, 42.77, 45.73, 46.99, 49.19, 49.33, 51.68, 52.04, 52.06], "pruned_num_parameters": 34566340, "strategy": [0.6923468192786949, 0.13458532119344305, 0.7550955527179349, 0.3792881920241068, 0.11687972940503609, 0.1773872025946197, 0.8467758530527424, 0.38213818807628264, 0.5183868881473397, 0.3871284498012942, 0.7315435764060597, 0.5681452947666794, 0.6279906603293152, 0.2645886818497724, 0.736780736691871], "did_it_train": true}