{"losses": [2.302637982368469, 2.30260039806366, 2.3026917791366577, 2.302595705986023, 2.3025330018997194, 2.3025866651535036, 2.3024527549743654, 2.3023555660247803, 2.30257315158844, 2.302301387786865, 2.3021435260772707, 2.301789231300354, 2.2980521154403686, 2.2561011934280395, 2.1753266525268553, 2.108490023612976, 2.063819637298584, 2.0036413192749025, 2.375652160644531, 2.321185817718506, 2.3085876893997193, 2.3013827705383303, 2.2866865539550782, 2.1623654413223266, 2.0374898529052734, 2.0033362460136415, 1.9476996302604674, 1.8832733845710754, 1.8625876545906066, 1.8326585364341736, 1.7859227752685547, 1.756065137386322, 1.7307776713371277, 1.7211238479614257, 1.6735700511932372, 1.6545196628570558, 1.6196955418586731, 1.5971514630317687, 1.5774265909194947, 1.519839379787445, 1.506063823699951, 1.4462488722801208, 1.3799134659767152, 1.331517391204834, 1.3175668382644654, 1.2430907821655273, 1.208024528026581, 1.1946080064773559, 1.1471659314632416, 1.119687523841858, 1.1090902256965638, 1.0619085502624512, 1.0737495565414428, 1.0653684186935424, 1.0363813424110413, 1.0323642539978026, 1.0250576639175415], "accuracies": [10.0, 10.0, 10.82, 12.04, 18.96, 10.0, 11.89, 18.89, 24.71, 30.63, 32.21, 37.34, 41.2, 49.26, 51.33, 57.58, 61.31, 62.24, 62.81], "pruned_num_parameters": 72423102, "strategy": [0.4216488045949697, 0.6266195868569041, 0.48311488731996743, 0.29030513490866194, 0.2148036172618136, 0.20624766634911393, 0.338851189912268, 0.18563646696954944, 0.015001608322273808, 0.620331390387335, 0.043664737260382225, 0.5175330710684004, 0.16135865429253418, 0.2744348677626906, 0.777291823722518], "did_it_train": true}