{"losses": [2.3026456165313722, 2.302585859298706, 2.3026214361190798, 2.302587490081787, 2.3026220178604127, 2.3025588941574098, 2.302495002746582, 2.3025696849823, 2.3025662231445314, 2.3024524068832397, 2.3025224161148072, 2.302498335838318, 2.302361373901367, 2.302321500778198, 2.30226149559021, 2.3016013002395628, 2.3008832788467406, 2.297735962867737, 2.183223090171814, 2.1349425983428953, 2.0944170236587523, 1.9867974352836608, 1.9719194102287292, 1.9239630460739137, 1.8923263549804688, 1.8571909284591674, 1.870074326992035, 1.8124826097488402, 1.7737655591964723, 1.7677585673332215, 1.7138577675819398, 1.6840335941314697, 1.6868944430351258, 1.602787160873413, 1.5994020652770997, 1.5552951836585998, 1.483875846862793, 1.4646331667900085, 1.4325038933753966, 1.3708339357376098, 1.3285614013671876, 1.3262725353240967, 1.2402119517326355, 1.2289203953742982, 1.185043716430664, 1.1291614842414857, 1.124211654663086, 1.0851570510864257, 1.0606320571899415, 1.0044974195957184, 0.9957939553260803, 0.9518017911911011, 0.9508892917633056, 0.9131463932991027, 0.8726105093955994, 0.8851420247554779, 0.8397154343128205, 0.8027104771137238, 0.8164473998546601, 0.7864150762557983, 0.75807373046875, 0.7537760519981385, 0.7461591267585754, 0.7103710198402404, 0.7417454171180725, 0.6998949778079987, 0.6876467776298523, 0.6899537765979766, 0.6721264123916626, 0.6461174476146698, 0.6567903208732605, 0.6376812756061554, 0.6329239237308503, 0.6224257218837738, 0.6352600717544555, 0.61077856361866, 0.6123832899332047, 0.6153605914115906], "accuracies": [10.0, 10.0, 10.0, 10.0, 19.17, 16.07, 22.3, 25.0, 26.12, 32.65, 33.02, 43.28, 49.64, 55.32, 52.92, 61.99, 63.31, 66.68, 71.07, 69.48, 73.46, 75.7, 76.59, 77.1, 77.45, 77.63], "pruned_num_parameters": 51308729, "strategy": [0.6407284785243366, 0.010023118186476122, 0.8424749081953414, 0.5508276652673094, 0.19859841199373873, 0.04542768127576504, 0.0223984438750089, 0.14275995154444485, 0.7920590243784682, 0.4257226227268654, 0.410813353218442, 0.2712638139514105, 0.27624296483257593, 0.47634776430410336, 0.27244397627688], "did_it_train": true}