{"losses": [2.3026799392700195, 2.302537498474121, 2.3027046155929565, 2.3024791717529296, 2.3024023962020874, 2.302278575897217, 2.3019464111328123, 2.3017301177978515, 2.3009311532974244, 2.2906743049621583, 2.198927474021912, 2.2375224590301515, 2.0124729895591735, 1.969890170097351, 1.95307430267334, 1.8899325299263001, 1.8949881458282472, 1.8114676809310912, 1.7693639016151428, 1.6958774542808532, 1.6786891984939576, 1.557865846157074, 1.5426644802093505, 1.4950255751609802, 1.4773916387557984, 1.408361358642578, 1.383601894378662, 1.3165758752822876, 1.2969021964073182, 1.2515265917778016, 1.1945244550704956, 1.1641447281837463, 1.1363698649406433, 1.063990705013275, 1.0639548313617706, 1.0459836769104003, 0.9932701659202575, 0.9708615350723266, 0.9555636119842529, 0.9189531242847443, 0.9272964811325073, 0.9179843246936799, 0.902992478609085, 0.8867601704597473, 0.8811156356334686], "accuracies": [10.0, 11.92, 10.45, 22.33, 28.07, 35.62, 42.66, 47.97, 47.96, 57.6, 58.75, 60.8, 66.99, 67.16, 68.31], "pruned_num_parameters": 90094417, "strategy": [0.3111891772677204, 0.20811061309563703, 0.8106522166742687, 0.4600133941950132, 0.006406506273156598, 0.5450891578281456, 0.31010636753387466, 0.38344093753188646, 0.4997382025572124, 0.09036338419025947, 0.28972501918041166, 0.4206952704548351, 0.15232665739517243, 0.18083327993373133, 0.12072970242517628], "did_it_train": true}