{"losses": [2.302610912322998, 2.3026080894470216, 2.3025578927993773, 2.3025770139694215, 2.3026129388809204, 2.302597279548645, 2.3024888801574708, 2.3027093267440795, 2.302579526901245, 2.302482089996338, 2.30255464553833, 2.3024624252319335, 2.302324233055115, 2.302440299987793, 2.3022889947891234, 2.3021000385284425, 2.301983103752136, 2.3017017221450806, 2.3009687089920043, 2.3000908994674685, 2.298606724739075, 2.2616962146759034, 2.1968775939941407, 2.146828842163086, 2.0576026487350463, 2.008773102760315, 1.959613757133484, 1.8584857296943664, 1.8106627464294434, 1.7587225532531738, 1.7168360471725463, 1.6900333881378173, 1.6661024832725524, 1.6363290786743163, 1.6513658666610718, 1.6352525329589844], "accuracies": [10.0, 10.0, 10.0, 10.0, 10.0, 15.01, 17.17, 21.92, 30.11, 34.88, 36.16, 37.41], "pruned_num_parameters": 110489253, "strategy": [0.14935324900766622, 0.839614544760351, 0.872027605638621, 0.17596305797360762, 0.7452490068747138, 0.48301251741942075, 0.40339069319685644, 0.29179987301256843, 0.017599091359359265, 0.6882155833134986, 0.6987278940882502, 0.49925788259441584, 0.049577145810546785, 0.03605840219245795, 0.2994091270315143], "did_it_train": true}