{"losses": [2.3026091766357424, 2.30264723777771, 2.3026630878448486, 2.3025870227813723, 2.3026186084747313, 2.302656545639038, 2.3026044034957884, 2.302496256828308, 2.3026246929168703, 2.3025202465057375, 2.3025809001922606, 2.302528576850891, 2.3024022483825686, 2.302390260696411, 2.302403793334961, 2.302192544937134, 2.3019976568222047, 2.301594271659851, 2.297064714431763, 2.2594820404052736, 2.173087811470032, 2.258246064186096, 2.3155457305908205, 2.309577617645264, 2.303614354133606, 2.3032429122924807, 2.3026821422576904, 2.3025212478637695, 2.3023108434677124, 2.3023262310028074, 2.3016613292694093, 2.300806956291199, 2.2897842597961424, 2.1022189474105835, 2.0504100155830383, 1.9981785321235657, 1.926490113735199, 1.903729622364044, 1.8868124508857727, 1.8671015310287475, 1.8322642421722413, 1.7990064406394959, 1.7623571515083314, 1.7291615748405456, 1.697681920528412, 1.6617717885971068, 1.6465106678009034, 1.6449244952201842, 1.5808293676376344, 1.5366186666488648, 1.5303870725631714, 1.4589509677886963, 1.4446773290634156, 1.3927250170707703, 1.326021957397461, 1.2784904789924623, 1.2743908667564392, 1.1937372922897338, 1.1811711716651916, 1.14166313290596, 1.104695544242859, 1.0766197264194488, 1.062651892900467, 1.006876049041748, 1.0149710178375244, 0.982081083059311, 0.9707776153087616, 0.9490300238132476, 0.9480091869831085, 0.9273831152915955, 0.9357559335231781, 0.9121525990962982, 0.903785935640335, 0.8991129124164581, 0.9098502683639527], "accuracies": [10.0, 10.0, 12.36, 10.0, 10.01, 12.03, 17.97, 10.0, 10.0, 14.84, 19.72, 23.26, 24.94, 27.24, 26.23, 39.85, 43.99, 52.07, 54.6, 56.22, 61.7, 62.35, 65.84, 66.39, 66.71], "pruned_num_parameters": 54350441, "strategy": [0.10869933165446258, 0.34657596264082496, 0.3042522835661142, 0.4720128663712654, 0.10031821100668985, 0.38151978675792003, 0.4345181083377512, 0.25117626968769813, 0.4165365041306963, 0.6915920847149585, 0.3621246336378831, 0.5637684080442298, 0.5613622244108727, 0.0056873774514390905, 0.6937059224223097], "did_it_train": true}