{"losses": [2.3025670766830446, 2.30262779712677, 2.3026973581314087, 2.3025992012023924, 2.3025994348526, 2.30252836227417, 2.3025387573242186, 2.3025713539123536, 2.3026057052612305, 2.302513041496277, 2.302574243545532, 2.3025646352767946, 2.302518286705017, 2.302462253570557, 2.30251793384552, 2.3023821020126345, 2.302432880401611, 2.3023534488677977, 2.3020551347732545, 2.3018472671508787, 2.3015341329574586, 2.2981902885437013, 2.2740222454071044, 2.1778119564056397, 2.0815751647949217, 2.0117347621917725, 1.9727346920967102, 1.9079156041145324, 1.9055048680305482, 1.8854147505760193, 1.8845647764205933, 1.861295063495636, 1.8517586064338685, 1.8188366603851318, 1.7969124221801758, 1.777695028781891, 1.750984127521515, 1.7344210290908812, 1.706463840007782, 1.6746101331710816, 1.65133855342865, 1.7544756317138672, 1.8106303119659424, 1.6409809613227844, 1.600586347579956, 1.535223891735077, 1.5024413418769837, 1.5197003340721131, 1.4364753699302673, 1.4047814178466798, 1.3985576558113098, 1.321506929397583, 1.3095599126815796, 1.2874365448951721, 1.2307835662364959, 1.1985651743412018, 1.1871622204780579, 1.1392676305770875, 1.0974111819267274, 1.1400848746299743, 1.047244485616684, 1.0299447643756867, 1.0163985121250152, 0.9855878555774689, 0.9573375475406647, 0.9450441646575928, 0.9070515871047974, 0.9143965554237365, 0.8892819583415985, 0.8510763120651245, 0.8522875559329987, 0.8462120819091797, 0.8257425475120544, 0.7968198144435883, 0.7951527726650238, 0.760454021692276, 0.7648138511180878, 0.7473480379581452, 0.7123011481761933, 0.7241869151592255, 0.7204807138442993, 0.7014502227306366, 0.676382817029953, 0.6787575519084931, 0.655352554321289, 0.655984822511673, 0.6556252861022949, 0.6336230409145355, 0.6325298774242402, 0.6195642340183258, 0.6066804021596909, 0.6082940798997879, 0.5947434800863266, 0.5695387464761734, 0.5977900528907776, 0.5738977205753326, 0.5577233856916428, 0.5675114178657532, 0.5683990538120269, 0.5508181631565094, 0.5373585456609726, 0.523815969824791, 0.5266386795043946, 0.5284842312335968, 0.531703553199768, 0.5166708445549011, 0.5356479793787002, 0.517042886018753, 0.5064881175756455, 0.5035564076900482, 0.5196643137931823], "accuracies": [10.0, 10.0, 10.0, 10.74, 10.0, 16.36, 16.92, 18.54, 21.37, 24.81, 28.89, 30.39, 33.03, 26.59, 43.05, 46.02, 49.4, 44.31, 48.42, 55.1, 60.11, 56.01, 68.33, 69.92, 70.85, 72.75, 74.38, 74.6, 77.2, 77.49, 78.51, 79.16, 79.12, 79.83, 80.03, 80.2, 80.22], "pruned_num_parameters": 36219805, "strategy": [0.20414815460005115, 0.664713438027375, 0.06569296366142206, 0.7830117180789563, 0.14551552249670838, 0.10368401493155059, 0.8672306466226316, 0.30977254794283204, 0.28705905774768675, 0.6744009785473312, 0.10340919543718184, 0.5823787963124354, 0.48180313947412445, 0.5094345170537985, 0.32473345507930157], "did_it_train": true}