{"losses": [2.3026349115371705, 2.3025773000717162, 2.3026739740371704, 2.302694854736328, 2.3025438261032103, 2.302647533416748, 2.302612166404724, 2.302611780166626, 2.302677927017212, 2.3026708364486694, 2.302602376937866, 2.3026661109924316, 2.3025918436050414, 2.3026688146591185, 2.302647213935852, 2.302590112686157, 2.3025790786743165, 2.3026336669921874, 2.3026022481918336, 2.302569341659546, 2.302684717178345, 2.302576570510864, 2.3026206731796264, 2.302532238960266, 2.3025144720077515, 2.3025245475769043, 2.302528533935547, 2.3024042367935182, 2.3025191402435303, 2.3023788356781005, 2.3022513008117675, 2.3022123908996583, 2.302048568725586, 2.3017948055267334, 2.3014289426803587, 2.301172571182251, 2.299619908332825, 2.2982952308654787, 2.2950324010849, 2.255629844665527, 2.152209038734436, 2.0823983216285704, 1.9482702231407165, 1.927691204547882, 1.9198114919662475, 1.8927389359474183, 1.8660159373283387, 1.859698565006256, 1.8504780101776124, 1.8407905054092408, 1.816320128440857, 1.7953979420661925, 1.7874076247215271, 1.7659029459953308, 1.7386266779899597, 1.744421923160553, 1.739271719455719, 1.7340414023399353, 1.7359457540512084, 1.7293977165222167], "accuracies": [10.0, 10.0, 10.0, 10.0, 10.0, 10.0, 10.0, 11.04, 10.0, 15.55, 16.64, 18.07, 17.65, 20.93, 22.52, 23.43, 24.14, 26.8, 28.64, 28.92], "pruned_num_parameters": 65659251, "strategy": [0.74251881082441, 0.19432219618917776, 0.7922990901397107, 0.07458255602208677, 0.5705793436284092, 0.8972244902098806, 0.3805959207503457, 0.4341994709283473, 0.583231062023167, 0.18988262082101165, 0.7605411600971436, 0.0558935635237733, 0.28277415688752716, 0.22867109639074806, 0.6719845039593699], "did_it_train": true}