{"losses": [2.3026000595092775, 2.3025754642486573, 2.302655339241028, 2.3026461935043336, 2.3025574922561645, 2.302594056129456, 2.3026273393630983, 2.302596855163574, 2.3026286697387697, 2.302586088180542, 2.3026057052612305, 2.302619662284851, 2.3024988746643067, 2.302607316970825, 2.3027345275878908, 2.3025841760635375, 2.302596130371094, 2.3026219749450685, 2.3025520753860476, 2.3025268507003784, 2.302657814025879, 2.3025178337097167, 2.302535982131958, 2.3026123094558715, 2.302460861206055, 2.3023940563201903, 2.3025726079940796, 2.3023081493377684, 2.3023304271698, 2.3021886587142943, 2.30185604095459, 2.3015462303161622, 2.3011242008209227, 2.298678035736084, 2.2948053884506225, 2.2684651756286622, 2.112794666290283, 2.059019033908844, 2.019954249858856, 1.975252661705017, 1.9399517369270325, 1.9319414472579957, 1.893175733089447, 1.8947469329833984, 1.8986088800430299, 1.8684415698051453, 1.8697048974037171, 1.8588336825370788, 1.8432915306091309, 1.8264308309555053, 1.80083345413208, 1.7917293214797974, 1.777709310054779, 1.7496872735023499, 1.7112401366233825, 1.6998285102844237, 1.6919259524345398, 1.642408139705658, 1.6413305258750917, 1.602071030139923, 1.5415751004219056, 1.5418979740142822, 1.5134368681907653, 1.503480272293091, 1.4304624962806702, 1.417892735004425, 1.36219642162323, 1.3599059629440307, 1.3283620595932006, 1.2846628856658935, 1.2472921085357667, 1.2616449284553528, 1.2002541255950927, 1.162915370464325, 1.1710049080848695, 1.1267981660366058, 1.1078853058815001, 1.1003477466106415, 1.0606986343860627, 1.0341793203353882, 1.0243426060676575, 0.9884224009513854, 0.9684714019298554, 0.9689530742168426, 0.9256885528564454, 0.9148542046546936, 0.9108914375305176, 0.8731462645530701, 0.8536588215827942, 0.8672826886177063, 0.8405355787277222, 0.8194825303554535, 0.8061757338047028, 0.8031505513191223, 0.7787887871265411, 0.7654494309425354, 0.7566757726669312, 0.7487241852283478, 0.745999106168747, 0.7249998152256012, 0.7132025706768036, 0.7231279945373535, 0.6975425350666046, 0.7029480028152466, 0.6900333690643311, 0.6774796104431152, 0.6641910266876221, 0.6752760338783265, 0.6532986462116241, 0.6494049739837646, 0.6543735587596893, 0.661222118139267, 0.6382780241966247, 0.6292085516452789, 0.6419846653938294, 0.6164615261554718, 0.619323154091835, 0.614540581703186, 0.635970538854599, 0.6278593450784683], "accuracies": [10.0, 11.53, 10.0, 10.0, 10.0, 10.0, 10.0, 10.0, 10.0, 12.4, 15.24, 18.34, 20.25, 23.32, 25.33, 26.63, 29.67, 30.59, 36.44, 41.39, 42.45, 46.6, 49.14, 55.77, 58.5, 59.06, 63.79, 64.89, 63.11, 69.19, 69.11, 70.48, 72.81, 73.82, 75.05, 75.85, 76.45, 76.64, 76.66, 76.83], "pruned_num_parameters": 33961670, "strategy": [0.6566792860882357, 0.5600481847180445, 0.5775033825797387, 0.5607290950406235, 0.5668560582272408, 0.6480710373150873, 0.7352381855827267, 0.018515116420811783, 0.1269258247731118, 0.5655002989803591, 0.8723423296343784, 0.30092624112263777, 0.6971737596900258, 0.3728955899580478, 0.04109871032556283], "did_it_train": true}