{"losses": [2.3025935220718385, 2.3026074743270875, 2.302604923248291, 2.3025349283218386, 2.302556529045105, 2.3025855350494386, 2.3025469970703125, 2.302538819313049, 2.30256893157959, 2.302501482963562, 2.3024773454666136, 2.302549557685852, 2.3024527549743654, 2.3024502325057985, 2.3024449491500856, 2.3022581148147583, 2.302246651649475, 2.302087640762329, 2.3015554666519167, 2.3009204292297363, 2.2992176008224487, 2.238870453834534, 2.1727562141418457, 2.1353636026382445, 2.025801465511322, 1.9960229587554932, 1.9321595740318298, 1.8949647283554076, 1.8858696222305298, 1.8733552670478821, 1.853321192264557, 1.8395506954193115, 1.8140082788467407, 1.796194396018982, 1.7653709387779235, 1.7273211979866028, 1.7336493492126466, 1.6722616791725158, 1.6491827440261841, 1.6182132411003112, 1.6375878715515138, 1.602900834083557, 1.5670355677604675, 1.5285760760307312, 1.5280910205841065, 1.4601185297966004, 1.4284489154815674, 1.4098558878898622, 1.3849953532218933, 1.3393951678276061, 1.3256645727157592, 1.241143023967743, 1.2391331171989441, 1.2298303604125977, 1.1584442901611327, 1.142030427455902, 1.1130794787406921, 1.073070912361145, 1.0506484508514404, 1.025309453010559, 0.9604731178283692, 0.9726931929588318, 0.9566867625713349, 0.9021998572349549, 0.8908815908432007, 0.8951824331283569, 0.8588001823425293, 0.8376254558563232, 0.8257896268367767, 0.8235451424121857, 0.7722485458850861, 0.7845680141448974, 0.7587224590778351, 0.7349489974975586, 0.7263405728340149, 0.7151485371589661, 0.7178827965259552, 0.6975096452236176, 0.6778537392616272, 0.6752972197532654, 0.6588784587383271, 0.6331598263978958, 0.6260982644557953, 0.6291518473625183, 0.6234749472141266, 0.6135253071784973, 0.5789143979549408, 0.5662315219640732, 0.5671985673904419, 0.5754698425531387, 0.5469930833578109, 0.5371361172199249, 0.5460957938432693, 0.5221032202243805, 0.5208101332187652, 0.5339595144987106, 0.5033803969621659, 0.5003815644979477, 0.49196582317352294, 0.4729342395067215, 0.46818812131881715, 0.479588058590889, 0.4551243603229523, 0.45946104526519777, 0.4493954288959503, 0.4447168391942978, 0.44000466108322145, 0.44977195262908937, 0.43273839354515076, 0.4351621204614639, 0.4219011002779007, 0.42669801592826845, 0.4058012098073959, 0.42551604807376864, 0.41449837267398837, 0.41302251994609834, 0.41691902697086336], "accuracies": [10.0, 10.0, 11.65, 10.17, 15.94, 16.06, 12.13, 19.83, 22.25, 26.27, 29.41, 34.41, 37.13, 38.0, 42.79, 48.63, 54.66, 54.91, 59.26, 63.53, 61.02, 68.08, 68.23, 71.56, 69.73, 76.37, 75.76, 75.84, 78.9, 78.59, 79.34, 78.5, 80.77, 81.58, 81.69, 81.89, 82.19, 82.07, 82.29], "pruned_num_parameters": 34409412, "strategy": [0.10802989529244976, 0.47206933843149346, 0.5615264807866283, 0.03766435268481529, 0.5771188452804668, 0.34040799163853797, 0.22524046876452258, 0.6837053396251124, 0.37143782858473784, 0.33912514815248607, 0.6356151937260635, 0.34424615334308045, 0.22420972066701128, 0.6671347583424823, 0.44293673712499415], "did_it_train": true}