{"losses": [2.302583770751953, 2.3025406789779663, 2.302642993927002, 2.3025511264801026, 2.302617082595825, 2.302588906288147, 2.302554473876953, 2.3025346422195434, 2.3025053262710573, 2.3024290466308592, 2.3024988842010496, 2.3024271726608276, 2.3022754096984865, 2.3020889377593994, 2.301977877616882, 2.3011744451522826, 2.3002120304107665, 2.2982138490676878, 2.244504828453064, 2.104298071861267, 2.0353109645843506, 1.9510535287857056, 1.937119755744934, 1.9090197420120238, 1.8813430643081666, 1.8799844551086426, 1.8699457573890685, 1.8565694522857665, 1.8392766046524047, 1.8105031538009644, 1.779201500415802, 1.756381163597107, 1.737292342185974, 1.6978194046020507, 1.6853029322624207, 1.6568262696266174, 1.61285920381546, 1.5616285157203675, 1.5834918642044067, 1.5099181151390075, 1.451431517601013, 1.4560487580299377, 1.4022461819648742, 1.367684121131897, 1.362136754989624, 1.283376317024231, 1.2720903635025025, 1.2553066825866699, 1.2001635122299195, 1.1762742948532106, 1.151114592552185, 1.0872645473480225, 1.0901892817020415, 1.074436093568802, 1.031528868675232, 1.0208713614940643, 0.9817227101325989, 0.9555484449863434, 0.9489851522445679, 0.9326759552955628, 0.9113337194919586, 0.8986492908000946, 0.8816831505298615, 0.873153567314148, 0.867471227645874, 0.8374378740787506, 0.8377499663829804, 0.8276592314243316, 0.8290924918651581, 0.8134893584251404, 0.8249425446987152, 0.8276424157619476], "accuracies": [10.0, 10.0, 10.0, 10.0, 11.98, 16.96, 21.77, 19.65, 27.21, 28.66, 31.38, 39.9, 43.44, 38.54, 44.1, 54.43, 57.74, 55.42, 61.76, 62.88, 66.74, 68.23, 68.25, 68.64], "pruned_num_parameters": 54912261, "strategy": [0.04578735865145663, 0.0855136190216445, 0.6995531522159553, 0.08418063339972968, 0.8005182887444819, 0.7513011479805579, 0.5547210547137518, 0.6820573565199837, 0.7046008853868403, 0.624584251684753, 0.11035596382391911, 0.020913773302768834, 0.4894338367684212, 0.22375409129377347, 0.28624776208581115], "did_it_train": true}