{"losses": [2.302615313529968, 2.3025619649887084, 2.3026669645309448, 2.302612714767456, 2.302686333656311, 2.3025682973861694, 2.3026160287857054, 2.3026385927200317, 2.3026216077804564, 2.3025485706329345, 2.302675037384033, 2.302665128707886, 2.302580237388611, 2.3025957012176512, 2.3027405166625976, 2.3026145553588866, 2.3026520156860353, 2.302607398033142, 2.3025143575668334, 2.302647294998169, 2.3026823568344117, 2.3026148653030396, 2.3025551939010622, 2.3026376485824587, 2.302528767585754, 2.302605471611023, 2.302541093826294, 2.302487277984619, 2.302488250732422, 2.3025017786026, 2.302322211265564, 2.302386417388916, 2.3022438716888427, 2.301993627548218, 2.301740093231201, 2.3015019845962525, 2.300044283866882, 2.298230223655701, 2.2918018674850464, 2.1747605276107786, 2.120835528373718, 2.064559154510498, 1.959771020412445, 1.9268685293197632, 1.9151419973373414, 1.8869419360160828, 1.8685619831085205, 1.8647974419593811, 1.8450163626670837, 1.8436589884757995, 1.844870891571045, 1.8259157824516297, 1.8264219045639039, 1.8192886447906493, 1.8043870067596435, 1.804709346294403, 1.777054545879364, 1.778118200302124, 1.7773942017555238, 1.7606492090225219, 1.7610816478729248, 1.7546077489852905, 1.7414604544639587, 1.7463291668891907, 1.7482095980644226, 1.738037555217743], "accuracies": [10.0, 10.0, 10.0, 10.0, 10.0, 10.0, 10.0, 10.0, 10.0, 10.0, 13.75, 14.0, 16.83, 22.32, 20.55, 24.4, 25.57, 27.96, 28.16, 29.83, 30.6, 30.51], "pruned_num_parameters": 62366081, "strategy": [0.36199909688589504, 0.26955586815330246, 0.12684231002932206, 0.7206731627206899, 0.8744702469154635, 0.7534687410688782, 0.30776544745456846, 0.31187883268907973, 0.49926585005645874, 0.8159579170422024, 0.7037223147059343, 0.37028765059037666, 0.28307409046625565, 0.2446602291160954, 0.7429858319449393], "did_it_train": true}