{"losses": [2.3026065683364867, 2.3026577758789064, 2.30258330821991, 2.302616448402405, 2.302595167160034, 2.3026355409622195, 2.3026094007492066, 2.3025603103637695, 2.3027131366729736, 2.3025480556488036, 2.3026407623291014, 2.3027024841308594, 2.3025875997543337, 2.3027004384994507, 2.3026771545410156, 2.302653179168701, 2.302607464790344, 2.3027055215835572, 2.3026415348052978, 2.3026467180252075, 2.3027249431610106, 2.3026348304748536, 2.3026394271850585, 2.302738070487976, 2.3026204395294187, 2.3026042795181274, 2.302662982940674, 2.3026197957992554, 2.3026400709152224, 2.302657518386841, 2.3025995111465454, 2.302610230445862, 2.3026382970809935, 2.302616024017334, 2.3026766633987426, 2.3026257801055907, 2.3025097036361695, 2.3026760625839233, 2.302665891647339, 2.302542781829834, 2.3026255559921265, 2.3027320957183837, 2.30261456489563, 2.302533984184265, 2.30273934841156, 2.3025625419616698, 2.3026254749298096, 2.3026456356048586, 2.302566204071045, 2.3026583433151244, 2.3026233863830567, 2.3025115585327147, 2.302611470222473, 2.302687292098999, 2.3026223039627074, 2.3025860500335695, 2.3026043939590455, 2.302497835159302, 2.3025793504714964, 2.3026246786117555, 2.302512164115906, 2.3026135683059694, 2.302536301612854, 2.3024650192260743, 2.3026362657546997, 2.302527651786804, 2.3025145435333254, 2.30250723361969, 2.3025658893585206, 2.3025040102005003, 2.302498598098755, 2.3025345468521117, 2.3025011348724367, 2.3024957370758057, 2.302485785484314, 2.3024918603897095, 2.3024956226348876, 2.3024866771698, 2.3024892950057985, 2.302488770484924, 2.3024762964248655], "accuracies": [10.0, 10.0, 10.0, 11.31, 10.0, 10.0, 10.0, 10.0, 10.0, 10.0, 10.0, 10.0, 10.0, 10.0, 10.0, 10.0, 10.0, 10.0, 10.0, 12.29, 9.98, 9.81, 10.47, 10.19, 10.66, 10.0, 10.0], "pruned_num_parameters": 50331386, "strategy": [0.5772292473362437, 0.5208481201970192, 0.6985231162552088, 0.34364856940150174, 0.4344309459481702, 0.5687841945573475, 0.639007459463991, 0.7607844377794826, 0.6645665100198457, 0.6451336813322458, 0.8329304875733929, 0.6867866079601932, 0.32797429441381626, 0.36196050981200856, 0.5759486740371325], "did_it_train": true}