{"losses": [2.3026181936264036, 2.3026342964172364, 2.3025522232055664, 2.3025175094604493, 2.3025911331176756, 2.302577805519104, 2.3024732065200806, 2.3025363302230835, 2.302501459121704, 2.302301836013794, 2.302425570487976, 2.302307200431824, 2.3019650554656983, 2.3017068815231325, 2.3008945322036745, 2.2773815822601318, 2.2024108171463013, 2.1474948644638063, 2.0690715885162354, 2.006295223236084, 1.9391513967514038, 1.9000808024406433, 1.848189079761505, 1.8618398571014405, 1.7816520619392395, 1.7911501455307006, 1.726836473941803, 1.6706525349617005, 1.7087705278396605, 1.6356839966773986, 1.5872627878189087, 1.5414490151405333, 1.507692244052887, 1.4833303141593932, 1.3934754467010497, 1.397013885974884, 1.3246621108055114, 1.2865491676330567, 1.2511626052856446, 1.1760528898239135, 1.1765219759941101, 1.1422427546977998, 1.0525083577632903, 1.1784614384174348, 1.029452669620514, 0.9622123968601227, 0.9602347588539124, 0.9504982948303222, 0.8996061766147614, 0.8846383941173553, 0.865152108669281, 0.810185260772705, 0.8285490930080414, 0.7975255143642426, 0.7660628259181976, 0.7530132186412811, 0.750654183626175, 0.7113695991039276, 0.7043233263492584, 0.7001132047176362, 0.6710774290561676, 0.6843712902069092, 0.6623442113399506, 0.6299095463752746, 0.6349962234497071, 0.6132941055297851, 0.5981293177604675, 0.5905729568004608, 0.592270929813385, 0.5675287282466889, 0.5600122785568238, 0.5644632470607758, 0.5581685811281204, 0.5477920687198639, 0.5387872868776321, 0.5293995410203933, 0.5210797381401062, 0.5218823450803757, 0.5220765191316604, 0.5138114488124848, 0.5108186227083206], "accuracies": [10.0, 10.0, 10.73, 16.55, 14.03, 20.05, 24.96, 29.21, 35.04, 38.08, 41.71, 48.73, 59.21, 60.19, 62.69, 61.34, 68.46, 71.96, 72.01, 74.66, 75.78, 77.77, 77.36, 78.85, 79.6, 79.83, 79.95], "pruned_num_parameters": 50267778, "strategy": [0.5557601921196035, 0.25744346470964846, 0.17344273223856504, 0.20999758013055494, 0.4036061071890016, 0.2515746449071207, 0.4629597700391459, 0.092062219807017, 0.05417727263201987, 0.8435147648756771, 0.12227593226028656, 0.7992776972697945, 0.33291159701965345, 0.43529723979680474, 0.2958603088678569], "did_it_train": true}