{"losses": [2.3026476383209227, 2.302521071434021, 2.3025975322723387, 2.3025572299957275, 2.302516279220581, 2.3025366497039794, 2.302471170425415, 2.302433524131775, 2.302404479980469, 2.3022708797454836, 2.302131357192993, 2.301968507766724, 2.3008934926986693, 2.2990388917922973, 2.285794901847839, 2.149246988296509, 2.094870274066925, 2.047977821826935, 2.0416076374053955, 1.9470489716529846, 1.9209694695472717, 1.888061294555664, 1.8245469260215759, 1.77304505109787, 1.789810175895691, 1.6712721681594849, 1.6483470249176024, 1.5996534371376037, 1.6023864221572877, 1.5563735723495484, 1.5330487132072448, 1.494743149280548, 1.4379089236259461, 1.3537089872360228, 1.3557554578781128, 1.30365131855011, 1.2559289526939392, 1.2432848191261292, 1.2113953804969788, 1.166454132795334, 1.142876386642456, 1.1094096946716308, 1.068038091659546, 1.0436147105693818, 1.039850300550461, 0.9863998925685883, 0.981834397315979, 0.9550815260410309, 0.916488299369812, 0.9322366988658906, 0.9073041343688965, 0.8574019062519074, 0.8512212944030761, 0.8427779054641724, 0.8045546329021454, 0.7986550343036651, 0.7875059199333191, 0.7596166861057282, 0.7435095095634461, 0.7350857269763946, 0.6845447778701782, 0.7009656763076783, 0.7042209351062775, 0.6583192205429077, 0.6311884832382202, 0.6694568824768067, 0.629570404291153, 0.6214377558231354, 0.6009818279743194, 0.5898037642240525, 0.5819440251588821, 0.582702317237854, 0.5698343151807785, 0.5467069131135941, 0.5421911871433258, 0.5318187355995179, 0.5130340296030045, 0.5091966766119004, 0.5040863001346588, 0.4952628755569458, 0.49719287335872653, 0.47914118945598605, 0.4796081244945526, 0.48180272459983825, 0.4771377640962601, 0.4512532424926758, 0.44776723444461825, 0.44525253772735596, 0.4507112777233124, 0.4420390546321869, 0.42687221229076383, 0.43206958889961244, 0.43633140206336973], "accuracies": [10.0, 10.0, 11.24, 15.8, 18.62, 26.83, 26.06, 37.48, 37.46, 42.0, 49.58, 50.75, 55.8, 58.85, 59.58, 64.79, 69.22, 71.33, 70.06, 73.76, 73.15, 74.5, 78.12, 78.3, 79.5, 79.98, 81.02, 81.29, 81.54, 81.66, 81.78], "pruned_num_parameters": 42898375, "strategy": [0.6354445536468624, 0.1036698951157888, 0.7298486446184482, 0.4335270748413608, 0.34998523025027933, 0.14097844105728902, 0.6212132557852421, 0.22284502262452213, 0.15742233098912345, 0.10209268627787729, 0.513854006352354, 0.08869640535088939, 0.8026369198632489, 0.01634971814712546, 0.027527019256939123], "did_it_train": true}