{"losses": [2.3027226400375365, 2.3026390218734742, 2.3025836324691773, 2.302651844024658, 2.3025909185409548, 2.3025600481033326, 2.3025586366653443, 2.3026194858551023, 2.302626485824585, 2.3025155115127562, 2.302618217468262, 2.3025844621658327, 2.3025772953033448, 2.3025630569458007, 2.302555513381958, 2.3025373458862304, 2.3025111150741577, 2.3024981689453123, 2.3024337673187256, 2.302393651008606, 2.3023994064331053, 2.3022466897964478, 2.302103271484375, 2.3020049381256102, 2.301290864944458, 2.300599217414856, 2.299059438705444, 2.250217318534851, 2.1044604444503783, 2.048005151748657, 1.9571823787689209, 1.9094012260437012, 1.8899064183235168, 1.8580020666122437, 1.8828923773765565, 1.8210124826431275, 1.7939223527908326, 1.7688189196586608, 1.7482226133346557, 1.7036411023139955, 1.6985939955711364, 1.6810553908348083, 1.6667334413528443, 1.6402512454986573, 1.5940632390975953, 1.5697587871551513, 1.5464529752731324, 1.5396055316925048, 1.487986559867859, 1.4470861124992371, 1.4273383498191834, 1.391104531288147, 1.373651008605957, 1.346451609134674, 1.2825720119476318, 1.2723703742027284, 1.2524823498725892, 1.1855404877662659, 1.1816734528541566, 1.1360752058029175, 1.0934630298614503, 1.0853963017463684, 1.041578916311264, 0.9984359514713287, 0.9887032949924469, 0.9553728365898132, 0.9042842268943787, 0.9081348562240601, 0.8983372557163238, 0.8540328598022461, 0.8480658066272736, 0.8524336624145508, 0.8137065446376801, 0.8092974352836609, 0.7750095784664154, 0.7843172717094421, 0.7536807811260223, 0.750021960735321, 0.7300050508975983, 0.7384981298446656, 0.7217438471317291, 0.712102563381195, 0.7162332355976104, 0.6893113815784454, 0.6725645172595978, 0.6626742053031921, 0.6877089416980744, 0.6606204700469971, 0.6478382170200347, 0.6501572406291962, 0.644523766040802, 0.6402415287494659, 0.6352449488639832, 0.6385507875680924, 0.6278323197364807, 0.6403774172067642], "accuracies": [10.0, 10.0, 10.0, 10.01, 10.0, 14.01, 10.0, 12.98, 17.76, 14.74, 24.73, 28.03, 32.58, 34.77, 29.54, 43.15, 40.6, 51.92, 50.89, 60.15, 62.21, 64.46, 63.17, 69.07, 71.6, 70.07, 72.07, 73.88, 74.91, 75.02, 75.64, 75.42], "pruned_num_parameters": 42234715, "strategy": [0.004714734707905122, 0.148278630979065, 0.2954922462367627, 0.7226434281964084, 0.04473397284307379, 0.5910778159332094, 0.5978877223639233, 0.033465597247293435, 0.8924034967718663, 0.5738846638346018, 0.7851684550711913, 0.19575191965368186, 0.7077555837375888, 0.05307475743193525, 0.296379302129401], "did_it_train": true}