{"losses": [2.302597780227661, 2.302584629058838, 2.30268639087677, 2.3026253175735474, 2.302552580833435, 2.3025664615631105, 2.302539563179016, 2.3026228618621825, 2.3025713062286375, 2.302489538192749, 2.3025892162323, 2.3025869369506835, 2.302420697212219, 2.3025357580184935, 2.3025158405303956, 2.3022560977935793, 2.302495393753052, 2.3024301767349242, 2.3021162700653077, 2.3019891452789305, 2.301947317123413, 2.301147975921631, 2.300439925193787, 2.298871479034424, 2.266875648498535, 2.262702884674072, 2.180217056274414, 2.0666437435150145, 2.0257879734039306, 1.9756482172012328, 1.8958338165283204, 1.8698481178283692, 1.8493338084220887, 1.7668686747550963, 1.7473477125167847, 1.698994734287262, 1.6756949925422668, 1.6102420592308044, 1.5932019662857055, 1.5306299471855163, 1.4975045561790465, 1.4671648478507995, 1.418513994216919, 1.3763169407844544, 1.342229824066162, 1.291456208229065, 1.2673011064529418, 1.2398740077018737, 1.2035188031196595, 1.1735433173179626, 1.1521628153324128, 1.1189546394348144, 1.100941035747528, 1.0765729820728303, 1.052650854587555, 1.026152092218399, 1.010557222366333, 0.9787289261817932, 0.9802889621257782, 0.981356942653656, 0.9561323976516723, 0.9386932218074798, 0.9559177076816558, 0.9363785684108734, 0.9486417889595031, 0.9169898402690887], "accuracies": [10.0, 10.0, 10.0, 10.08, 10.04, 10.0, 17.08, 14.12, 21.57, 28.24, 26.35, 37.72, 34.39, 46.36, 46.81, 54.68, 59.63, 61.65, 63.53, 63.19, 65.19, 65.17], "pruned_num_parameters": 60930101, "strategy": [0.8441332110328259, 0.0012270340160550175, 0.18672688201430626, 0.31426169181622016, 0.8129483632749922, 0.8832674516518713, 0.24088362892319068, 0.700417445300704, 0.00886926736094963, 0.4140213674861132, 0.5233828136945489, 0.4908904195513249, 0.29608258305125223, 0.3438742935828347, 0.19790638133565042], "did_it_train": true}