{"losses": [2.302593536376953, 2.302654714584351, 2.302637825012207, 2.3026462507247927, 2.3025442600250243, 2.302628960609436, 2.3025157165527346, 2.302592010498047, 2.3026498413085936, 2.3025234937667847, 2.302640604972839, 2.3025642347335817, 2.3024919652938842, 2.302433452606201, 2.3025421571731566, 2.302347722053528, 2.3023577880859376, 2.302291831970215, 2.3018198156356813, 2.3018106031417847, 2.301429476737976, 2.2997802829742433, 2.2969028091430665, 2.2870747947692873, 2.201396636962891, 2.079846487045288, 1.9992394924163819, 1.90007737159729, 1.8410407757759095, 1.8173894429206847, 1.788045642375946, 1.712726833820343, 1.7142164278030396, 1.6531552362442017, 1.6254268026351928, 1.6034098386764526, 1.5555343747138977, 1.4935236597061157, 1.4800022864341735, 1.425656020641327, 1.3835861706733703, 1.371704249382019, 1.3015984916687011, 1.263658607006073, 1.2461111807823182, 1.176492657661438, 1.137403311729431, 1.0983203721046448, 1.0696792256832124, 1.044431095123291, 1.0283761024475098, 0.9808907127380371, 0.9651669037342071, 0.9558973276615143, 0.9187018716335297, 0.905839114189148, 0.8999826729297637, 0.8724178171157837, 0.8628481149673461, 0.8590024709701538, 0.8530546665191651, 0.8373769342899322, 0.8496837925910949], "accuracies": [10.0, 10.0, 10.0, 11.77, 10.0, 13.52, 18.06, 17.41, 28.05, 29.45, 35.92, 40.96, 41.99, 52.65, 54.87, 62.68, 61.04, 64.33, 67.59, 69.1, 69.41], "pruned_num_parameters": 65413321, "strategy": [0.3704754475868521, 0.07395342323486652, 0.5704972371954616, 0.12383144566150649, 0.550708481454224, 0.12304580903689602, 0.5164114360796382, 0.506161706518733, 0.4986754943965877, 0.16851056013631896, 0.8778618032755126, 0.30071747835137874, 0.4073081163476133, 0.09780140196760943, 0.5673334718709789], "did_it_train": true}