{"losses": [2.3025973224639893, 2.302618217468262, 2.3026476240158082, 2.3025590324401857, 2.3026408100128175, 2.3026123571395876, 2.30254919052124, 2.3026632022857667, 2.3026195526123048, 2.3026015853881834, 2.3025892210006713, 2.3026213693618773, 2.3025659132003784, 2.302647943496704, 2.3026039028167724, 2.3025920820236205, 2.302592535018921, 2.3026323223114016, 2.3024632835388186, 2.3026706647872923, 2.3026351737976074, 2.3025288486480715, 2.3026058006286623, 2.3025554466247558, 2.3024964714050293, 2.302426381111145, 2.3026052713394165, 2.3023876571655273, 2.3024671936035155, 2.3024489307403564, 2.3022418546676637, 2.3021982288360596, 2.3022747659683227, 2.3018708276748656, 2.3017832326889036, 2.3015285301208497, 2.2999186754226684, 2.297279706001282, 2.2839605474472044, 2.2060923862457273, 2.196256275177002, 2.1149025630950926, 2.034939098358154, 2.0140557622909547, 1.9631938338279724, 1.922026891708374, 1.8832968258857727, 1.8707806777954101, 1.8218818593025208, 1.8025018215179442, 1.7994229292869568, 1.7286521673202515, 1.720682520866394, 1.698181130886078, 1.649799702167511, 1.6462405920028687, 1.6254521203041077, 1.5681088280677795, 1.573804955482483, 1.5472675061225891, 1.5089745712280274, 1.5006111693382262, 1.4669931817054749, 1.4262484312057495, 1.4116653752326966, 1.3943645429611207, 1.3675395631790161, 1.356687502861023, 1.332332320213318, 1.3033568453788758, 1.2763917541503906, 1.2680402612686157, 1.2502607083320618, 1.2257701396942138, 1.2228076839447022, 1.1880069375038147, 1.1805794024467469, 1.1831818532943725, 1.1626707231998443, 1.1630199432373047, 1.1728717112541198, 1.146754696369171, 1.1685929346084594, 1.138127291202545], "accuracies": [10.0, 10.0, 10.0, 10.0, 10.0, 10.0, 10.0, 10.0, 13.62, 10.02, 10.02, 17.89, 15.21, 19.91, 15.61, 27.28, 27.05, 32.81, 36.96, 40.12, 40.91, 45.59, 48.71, 53.72, 54.77, 56.5, 57.41, 57.53], "pruned_num_parameters": 47743029, "strategy": [0.6513630749528769, 0.8502659458263232, 0.131645818229756, 0.6385687924739143, 0.17132527349834345, 0.5388561270670457, 0.4420844863962666, 0.34173940670963726, 0.2281383687391538, 0.42488645902074207, 0.6787535621131816, 0.6799006202133705, 0.19384417068830423, 0.5163258451757764, 0.6123103167570143], "did_it_train": true}