{"losses": [2.302592010498047, 2.3026763725280763, 2.3026113176345824, 2.3025295734405518, 2.3027173328399657, 2.3026321506500245, 2.3025690269470216, 2.302575716972351, 2.3027197885513306, 2.3025985050201414, 2.3026030683517456, 2.3026310634613036, 2.302602505683899, 2.30261736869812, 2.3026687335968017, 2.3025919437408446, 2.3026634645462036, 2.302702646255493, 2.302576632499695, 2.3026753187179567, 2.3026357746124266, 2.3025581455230713, 2.3026381826400755, 2.3026625299453736, 2.3026161098480227, 2.3026964378356936, 2.302677745819092, 2.302581639289856, 2.3025567293167115, 2.3027518129348756, 2.302573699951172, 2.302693657875061, 2.3026492547988893, 2.302608585357666, 2.302591314315796, 2.3026799964904785, 2.302555174827576, 2.302487711906433, 2.302750334739685, 2.302511954307556, 2.302642488479614, 2.3026339530944826, 2.3025007104873656, 2.302549695968628, 2.302551226615906, 2.3024801349639894, 2.302574005126953, 2.3025107765197754, 2.3023916053771973, 2.3024112606048583, 2.3024840259552004, 2.302307071685791, 2.302273597717285, 2.3022058534622194, 2.301949701309204, 2.3018244552612304, 2.301685872077942, 2.3009222650527956, 2.300245475769043, 2.2990005111694334, 2.291077485084534, 2.2629082441329955, 2.1511971712112428, 2.032620666027069, 1.9877001357078552, 1.9461391615867614, 1.9051011157035829, 1.9113538670539856, 1.8860924196243287, 1.870783007144928, 1.8695373511314393, 1.848996605873108, 1.8474343204498291, 1.831989552974701, 1.831806697845459, 1.8138895654678344, 1.82469744682312, 1.812475504875183, 1.8016333198547363, 1.7864180707931518, 1.7942042636871338, 1.7779207396507264, 1.7608037972450257, 1.7487959218025209, 1.7222333455085754, 1.6879073858261109, 1.6650046443939208, 1.6163517689704896, 1.6295127034187318, 1.601722071170807, 1.5630417585372924, 1.5452643513679505, 1.5267136549949647, 1.498331263065338, 1.4952645516395568, 1.475608139038086, 1.454819347858429, 1.4442165327072143, 1.4206452775001526, 1.4062818002700805, 1.4072968578338623, 1.4098193860054016, 1.3928067302703857, 1.3905169320106507, 1.3729023623466492, 1.3497095251083373, 1.3709554743766785, 1.3475365400314332, 1.3502208232879638, 1.3363393688201903, 1.3389851784706115, 1.3197142219543456, 1.3352892994880676, 1.3456778192520142, 1.3259811043739318, 1.334895532131195, 1.312241096496582], "accuracies": [10.0, 10.0, 10.0, 10.0, 10.0, 10.0, 10.0, 10.0, 10.0, 10.0, 10.0, 10.0, 14.57, 10.0, 10.72, 10.0, 11.96, 10.31, 15.0, 16.96, 19.29, 20.46, 23.73, 24.95, 25.42, 27.6, 30.67, 31.54, 36.19, 38.25, 40.92, 37.78, 42.22, 45.41, 47.02, 47.38, 47.82, 47.87, 48.01], "pruned_num_parameters": 34269110, "strategy": [0.4028982332545873, 0.4893874176160163, 0.5972938637844931, 0.8778147665226441, 0.7518074045213353, 0.6811067850320771, 0.612353509336941, 0.33543948119932687, 0.7229843097446834, 0.40698655232542996, 0.8480128149243964, 0.4272489325304258, 0.4146138959904426, 0.5327109536241958, 0.5398741233831135], "did_it_train": true}