{"losses": [2.3026047372817993, 2.3026629114151, 2.3026074409484862, 2.3026554679870603, 2.3025811910629272, 2.3025769090652464, 2.3025658416748045, 2.3026373386383057, 2.3026082563400267, 2.302532434463501, 2.3026006412506104, 2.3025239181518553, 2.302478790283203, 2.30257887840271, 2.3025872993469236, 2.3023546361923217, 2.3024923038482665, 2.302493472099304, 2.302280616760254, 2.302285146713257, 2.3021200704574585, 2.301905002593994, 2.3016203308105467, 2.3012264823913573, 2.2991728162765503, 2.2942137479782105, 2.2600563049316404, 2.197104253768921, 2.0639267778396606, 2.0060239362716676, 1.9113020133972167, 1.890505578517914, 1.855171661376953, 1.8082069849967957, 1.7786273622512818, 1.7487321281433106, 1.7081365704536438, 1.6863199400901794, 1.6476618647575378, 1.6360910415649415, 1.602766513824463, 1.5912144422531127, 1.5530464673042297, 1.5467410707473754, 1.5354577970504761, 1.500445113182068, 1.5188392853736878, 1.5068970608711243], "accuracies": [10.47, 10.0, 10.0, 10.0, 10.0, 11.95, 19.26, 16.54, 12.2, 20.75, 29.7, 33.85, 35.87, 36.05, 41.49, 41.74], "pruned_num_parameters": 85302760, "strategy": [0.3615716880368794, 0.48613517817795004, 0.2537542483875168, 0.08710975219494646, 0.35515599189652647, 0.5580356818740067, 0.49379629300881644, 0.7980619037552645, 0.875443330817777, 0.07907022059696202, 0.20483782311245322, 0.2003199029635713, 0.056344206338515994, 0.2074659168785896, 0.8200141621555145], "did_it_train": true}