{"losses": [2.302602858543396, 2.302566533088684, 2.3025840854644777, 2.30260404586792, 2.302594256401062, 2.302593927383423, 2.3024755191802977, 2.302561058998108, 2.3025788068771362, 2.302451615333557, 2.3024468660354613, 2.3023968267440797, 2.3021867799758913, 2.3021855211257933, 2.302040252685547, 2.3014047145843506, 2.3008963584899904, 2.299898648262024, 2.292018074989319, 2.2422462940216064, 2.093392593860626, 2.014786162376404, 1.9329475522041322, 1.9057125663757324, 1.843731472492218, 1.8190589022636414, 1.7811561703681946, 1.735960569381714, 1.7156160879135132, 1.6986804366111756, 1.6395524835586548, 1.6320782589912415, 1.6245590829849244, 1.5884335231781006, 1.561533522605896, 1.5327723956108092, 1.5034530472755432, 1.5028235149383544, 1.4851430702209472, 1.4519332909584046, 1.4704864811897278, 1.4774363708496094], "accuracies": [10.0, 10.0, 10.0, 10.17, 15.56, 20.83, 16.36, 28.22, 29.42, 33.43, 39.3, 40.44, 43.36, 43.34], "pruned_num_parameters": 94905855, "strategy": [0.32962934455911824, 0.7324106937437569, 0.2791177175057848, 0.8191916138789674, 0.4001447926269629, 0.8120541551690734, 0.251904226859154, 0.6157297703865646, 0.015453406951273797, 0.6595506093470159, 0.4563971310737383, 0.4271026042943348, 0.19638833012539234, 0.04045932322176742, 0.30268616217080185], "did_it_train": true}