{"losses": [2.3025855445861816, 2.302686405181885, 2.3025968742370604, 2.3025953817367553, 2.302634525299072, 2.3026149797439577, 2.30256724357605, 2.3025470542907716, 2.302575554847717, 2.302501950263977, 2.302531671524048, 2.3025149154663085, 2.3024165058135986, 2.3024556493759154, 2.302406759262085, 2.302294454574585, 2.3021945667266848, 2.30205237865448, 2.301503095626831, 2.3009461832046507, 2.2997443437576295, 2.2578215980529786, 2.1550436353683473, 2.078532736301422, 1.9545111298561095, 1.9207840967178345, 1.9032468318939209, 1.884208514690399, 1.8500846672058104, 1.8227056980133056, 1.79556725025177, 1.7693015027046204, 1.741053993701935, 1.7352031993865966, 1.6999701595306396, 1.6627271175384521, 1.6212268853187561, 1.638168954849243, 1.5980073475837708, 1.5656284642219545, 1.5650265216827393, 1.5293486785888672, 1.4728489017486572, 1.445992772579193, 1.4058486580848695, 1.365475993156433, 1.367977137565613, 1.3434618711471558, 1.2929853129386901, 1.2679824352264404, 1.2340513849258423, 1.178333671092987, 1.136524910926819, 1.1721754932403565, 1.1079415261745453, 1.0641310012340546, 1.0514131414890289, 1.0115132176876067, 1.0047619605064393, 0.9880627524852753, 0.941614408493042, 0.920926159620285, 0.927741425037384, 0.9004375660419464, 0.8565352416038513, 0.8682965219020844, 0.8357254779338836, 0.838283760547638, 0.8205701220035553, 0.7861168718338013, 0.7756367290019989, 0.7714574110507965, 0.7415262711048126, 0.749695110321045, 0.7220332264900208, 0.7166097927093505, 0.6927420997619629, 0.7065578114986419, 0.6861347603797913, 0.6778349137306213, 0.6680225026607514, 0.6556051743030548, 0.651311275959015, 0.6368319129943848, 0.626866580247879, 0.5950510811805725, 0.6137957447767257, 0.598749617934227, 0.5697235226631164, 0.5990961706638336, 0.5587566930055619, 0.5607132494449616, 0.5779611766338348, 0.5472594666481018, 0.5460693508386611, 0.5445533162355423, 0.5174487119913102, 0.520264349579811, 0.5131048768758774, 0.49175251364707945, 0.501360992193222, 0.4964216870069504, 0.478268478512764, 0.4742413818836212, 0.48506113529205325, 0.46250874996185304, 0.4584962683916092, 0.4660499566793442, 0.44030909895896914, 0.4498394495248795, 0.45795080304145813, 0.43760707378387453, 0.4364652556180954, 0.44034964382648467, 0.4226850205659866, 0.435982004404068, 0.43698785722255706, 0.41928558230400087, 0.42420229196548465, 0.41570068955421446], "accuracies": [10.0, 10.0, 10.0, 14.75, 11.0, 12.82, 17.08, 17.03, 20.3, 26.4, 34.06, 33.1, 31.93, 41.98, 48.09, 48.99, 54.49, 61.06, 62.11, 67.35, 63.72, 65.71, 68.97, 72.41, 66.35, 72.45, 72.63, 73.95, 73.16, 78.66, 78.6, 79.33, 79.85, 80.81, 81.11, 81.53, 81.48, 81.77, 81.86, 81.89], "pruned_num_parameters": 33710704, "strategy": [0.31092834854724044, 0.6978264801149506, 0.21153060283924902, 0.4243974728555567, 0.26383481821904403, 0.7766026313047485, 0.25026790411734257, 0.5135501046003735, 0.7248969396211533, 0.12967714597441618, 0.04403593171609739, 0.06927685721399869, 0.571927960561334, 0.5172020905247816, 0.2939128705515527], "did_it_train": true}