{"losses": [2.302554383277893, 2.3026675510406496, 2.302617769241333, 2.3026855897903444, 2.3024961805343627, 2.3026185274124145, 2.30256317615509, 2.3025518369674685, 2.302626814842224, 2.3025561666488645, 2.3025261831283568, 2.3026218128204348, 2.302536754608154, 2.3025328731536865, 2.3025686836242674, 2.3025433349609377, 2.3024802780151368, 2.302515230178833, 2.3024314928054808, 2.3023646116256713, 2.3023602676391604, 2.302121868133545, 2.301925163269043, 2.3016327095031737, 2.299191632270813, 2.2901236152648927, 2.2058987855911254, 2.1022559642791747, 2.054491481781006, 2.069647455215454, 1.9186984515190124, 1.915069308280945, 1.8926634311676025, 1.872492024898529, 1.8609953069686889, 1.8533993792533874, 1.8137649869918824, 1.7960703444480897, 1.804559576511383, 1.7471093678474425, 1.6953299307823182, 1.6774557280540465, 1.6336062216758729, 1.6028829431533813, 1.5899689149856568, 1.5552233505249022, 1.5204598307609558, 1.5416320991516113, 1.4400744795799256, 1.446111261844635, 1.3867753148078918, 1.3280992555618285, 1.2990635228157044, 1.3036072731018067, 1.237488934993744, 1.23319477558136, 1.177945191860199, 1.1370072841644288, 1.1531742477416993, 1.1003803849220275, 1.0588742804527282, 1.033259369134903, 1.0271290278434753, 0.996726268529892, 0.9648971796035767, 0.9650636494159699, 0.9132445049285889, 0.907582334280014, 0.9052774035930633, 0.880084822177887, 0.8697854578495026, 0.862630831003189, 0.8171934354305267, 0.8089877545833588, 0.8165688765048981, 0.7837667453289032, 0.7647446739673615, 0.7731180441379547, 0.7402732980251312, 0.7418790590763092, 0.729846659898758, 0.71825275182724, 0.7063591742515564, 0.6906063640117646, 0.688126106262207, 0.6864013338088989, 0.6697196757793427, 0.6610591745376587, 0.642936851978302, 0.6615836024284363, 0.6409099268913269, 0.6238183796405792, 0.6305793571472168, 0.6092139434814453, 0.6206378418207169, 0.59864142537117, 0.5927507203817367, 0.6047529447078704, 0.5971473079919815, 0.5720314389467239, 0.5958003264665603, 0.5944944435358047, 0.585571169257164, 0.5851241606473923, 0.5791940814256669], "accuracies": [10.0, 10.0, 10.1, 10.0, 10.0, 12.8, 10.95, 16.36, 18.27, 22.48, 25.52, 22.2, 29.17, 38.15, 39.41, 48.13, 48.21, 53.91, 58.24, 59.86, 63.65, 67.37, 63.04, 69.69, 69.85, 71.34, 74.4, 74.7, 75.59, 76.9, 77.27, 77.48, 78.04, 78.24, 78.2], "pruned_num_parameters": 38554067, "strategy": [0.18701058134663107, 0.008802265118862274, 0.2396362401589392, 0.8085399112270218, 0.7490716052226797, 0.30128082197628997, 0.27222481101590795, 0.6471214136032544, 0.422434178004314, 0.15497369304316214, 0.21327947516257614, 0.6480121736522578, 0.05964785529026089, 0.6945952127101073, 0.3037767233975069], "did_it_train": true}