{"losses": [2.3027617740631103, 2.3025352239608763, 2.302631664276123, 2.3026207065582276, 2.3027042961120605, 2.302595200538635, 2.302636213302612, 2.302544665336609, 2.302668013572693, 2.3026065826416016, 2.3025797700881956, 2.3026391077041626, 2.3025589752197266, 2.3026598358154295, 2.3025934982299803, 2.302609434127808, 2.302551712989807, 2.3026580572128297, 2.3026078939437866, 2.30247015953064, 2.3026458740234377, 2.302450408935547, 2.302432236671448, 2.3024484729766845, 2.3023074579238894, 2.302206106185913, 2.3021308898925783, 2.301684741973877, 2.301216917037964, 2.300716576576233, 2.2969720792770385, 2.2895827960968016, 2.235463514328003, 2.090116639137268, 2.0194323015213014, 1.9794445848464965, 1.9142182779312134, 1.9110536408424377, 1.9031242537498474, 1.8724318313598634, 1.8615652203559876, 1.8640360379219054, 1.8369063830375671, 1.8387315940856934, 1.8425379419326782, 1.8123874831199647, 1.793653256893158, 1.7614895606040955, 1.738713173866272, 1.7424376106262207, 1.7062655878067017, 1.686327142715454, 1.6460277104377747, 1.6266596174240113, 1.5803038811683654, 1.5905565071105956, 1.5539185118675232, 1.5227172589302063, 1.4921526741981506, 1.4664588975906372, 1.4389916849136353, 1.4289928317070006, 1.3749992299079894, 1.37144766330719, 1.3439175939559938, 1.3219224548339843, 1.2926719784736633, 1.2795264029502869, 1.2804715728759766, 1.2315685319900513, 1.2319986391067506, 1.2152494263648987, 1.1791956114768982, 1.1742887616157531, 1.14017329454422, 1.129202787876129, 1.1202326369285585, 1.104001086950302, 1.0886498200893402, 1.0880618798732757, 1.0780588114261627, 1.048927059173584, 1.0707912826538086, 1.0581178843975068, 1.0439930248260498, 1.0458528947830201, 1.037339916229248, 1.0335983002185822, 1.024113426208496, 1.0370405769348146], "accuracies": [10.0, 10.0, 10.0, 10.0, 10.0, 10.0, 10.51, 10.0, 10.0, 16.53, 19.88, 23.19, 22.43, 24.72, 28.33, 32.18, 36.94, 37.46, 42.89, 45.59, 49.03, 49.98, 50.61, 55.27, 56.08, 59.08, 59.35, 59.91, 61.25, 61.36], "pruned_num_parameters": 44969621, "strategy": [0.08736064799097525, 0.4671934967703611, 0.6007178580031084, 0.7330583574080243, 0.8683822433662841, 0.8844055556130056, 0.8318987416443198, 0.3270072978452265, 0.49999545567797826, 0.2006695089296652, 0.42578577833884684, 0.5182991483769305, 0.23442723815835295, 0.5515085489299586, 0.32349138062967303], "did_it_train": true}