{"losses": [2.30265474319458, 2.302609014511108, 2.3026613807678222, 2.3026576328277586, 2.3025635433197023, 2.302538528442383, 2.3024706268310546, 2.3023741149902346, 2.302311854362488, 2.301404929161072, 2.2991474962234495, 2.2788407754898072, 2.151433434486389, 2.112690153121948, 2.0891877365112306, 2.0332887506484987, 2.015320963859558, 1.9342055273056031, 1.9014465165138246, 1.8476085686683654, 1.7934859490394592, 1.6954812455177306, 1.690919897556305, 1.627071306705475, 1.5636841940879822, 1.5394412827491761, 1.4974790501594544, 1.4548438048362733, 1.3889063596725464, 1.3567800474166871, 1.2972914910316466, 1.2748955631256103, 1.2320695042610168, 1.1760724627971648, 1.150859444141388, 1.1051930725574493, 1.0528587234020232, 1.0304268908500671, 1.0009637653827668, 0.9473962998390197, 0.9194295299053192, 0.9259199464321136, 0.8698689877986908, 0.8718983829021454, 0.8389915585517883, 0.8006920123100281, 0.7948654317855834, 0.7841837131977081, 0.7514064335823059, 0.7517429852485656, 0.7453651142120361, 0.7225165915489197, 0.7226468598842621, 0.7215880835056305], "accuracies": [9.99, 10.0, 11.53, 19.92, 24.92, 28.45, 33.9, 39.72, 37.38, 49.08, 53.64, 56.17, 63.86, 68.25, 70.24, 72.42, 72.94, 73.41], "pruned_num_parameters": 75380495, "strategy": [0.5419180040760568, 0.21390570138196116, 0.21072645431177442, 0.4558800483378594, 0.6037934481467216, 0.02957897215998514, 0.8096454991323152, 0.05393662013569912, 0.19878767303135458, 0.3464273083729851, 0.1605520893068004, 0.17204540188908743, 0.1285939070615295, 0.274804830073589, 0.8304154264858726], "did_it_train": true}